;;;;;;;;;;;;
;;;;;;;;;;Baje studio;;
;;;;;Albert  1 laan 75;;;;;Rijshaak 12;;
;;;;;8670 Oostduinkerke;;;;;3371 KC Hardinxveld-Giessendam;;
;;;;;Belgium;;;;;The Netherlands;;
;;;;;;;;;;KVK: 84094648;;
;;;;;;;;;;BTW nr.: NL863094466B01;;
;;;;;;;;;;IBAN: NL92RABO0373346743;;
;;;;;;;;;;;;
;;;;;;;;;;;;
VERKOOPORDER;;;;;;;;;;;;
;;;;;;;;;;;;
;;;;;;;;;;;;
ID;;4989;;;;;;;;;;
Datum;;24-02-2026;;;;;;;;;;
Leverdatum;;01-09-2026;;;;;;;;;;
Debiteurnummer;;3007;;;;;;;;;;
Betalingsvoorwaarden;;Pre-payment;;;;;;;;;;
;;5 dagen netto;;;;;;;;;;
;;;;;;;;;;;;
;;;;;;;;;;;;
Artikelnummer;Artikel;Kleur;Kleurnummer;Maat;Aantal;Inhoud;Prijs per stuk;Totaal;Adviesprijs;Barcode;;
BAAW2700003;Yoen;Taupe;295;86/92;1;1;15,00;15,00;39,00;8721263644368;;
BAAW2700003;Yoen;Taupe;295;98/104;1;1;15,00;15,00;39,00;8721263644375;;
BAAW2700003;Yoen;Taupe;295;110/116;2;1;15,00;30,00;39,00;8721263644382;;
BAAW2700003;Yoen;Taupe;295;122/128;1;1;15,00;15,00;39,00;8721263644399;;
;;;;;;;;;;;;
Artikelnummer;Artikel;Kleur;Kleurnummer;Maat;Aantal;Inhoud;Prijs per stuk;Totaal;Adviesprijs;Barcode;;
BAAW2700013;Salli;Copper brown;221;86/92;1;1;26,54;26,54;69,00;8721263646126;;
BAAW2700013;Salli;Copper brown;221;98/104;1;1;26,54;26,54;69,00;8721263646133;;
BAAW2700013;Salli;Copper brown;221;110/116;2;1;26,54;53,08;69,00;8721263646140;;
BAAW2700013;Salli;Copper brown;221;122/128;1;1;26,54;26,54;69,00;8721263646157;;
;;;;;;;;;;;;
Artikelnummer;Artikel;Kleur;Kleurnummer;Maat;Aantal;Inhoud;Prijs per stuk;Totaal;Adviesprijs;Barcode;;
BAAW2700014;Sophia;Taupe;295;86/92;1;1;26,54;26,54;69,00;8721263646348;;
BAAW2700014;Sophia;Taupe;295;98/104;1;1;26,54;26,54;69,00;8721263646355;;
BAAW2700014;Sophia;Taupe;295;110/116;2;1;26,54;53,08;69,00;8721263646362;;
BAAW2700014;Sophia;Taupe;295;122/128;1;1;26,54;26,54;69,00;8721263646379;;
;;;;;;;;;;;;
Artikelnummer;Artikel;Kleur;Kleurnummer;Maat;Aantal;Inhoud;Prijs per stuk;Totaal;Adviesprijs;Barcode;;
BAAW2700043;Junna;Beige;250;86/92;1;1;30,38;30,38;79,00;8721263649868;;
BAAW2700043;Junna;Beige;250;98/104;1;1;30,38;30,38;79,00;8721263649875;;
BAAW2700043;Junna;Beige;250;110/116;2;1;30,38;60,76;79,00;8721263649882;;
BAAW2700043;Junna;Beige;250;122/128;1;1;30,38;30,38;79,00;8721263649899;;
;;;;;;;;;;;;
Artikelnummer;Artikel;Kleur;Kleurnummer;Maat;Aantal;Inhoud;Prijs per stuk;Totaal;Adviesprijs;Barcode;;
BAAW2700047;Amira;Beige;250;86/92;1;1;49,62;49,62;129,00;8721263650192;;
BAAW2700047;Amira;Beige;250;98/104;1;1;49,62;49,62;129,00;8721263650208;;
BAAW2700047;Amira;Beige;250;110/116;2;1;49,62;99,24;129,00;8721263650215;;
BAAW2700047;Amira;Beige;250;122/128;1;1;49,62;49,62;129,00;8721263650222;;
;;;;;;;;;;;;
Artikelnummer;Artikel;Kleur;Kleurnummer;Maat;Aantal;Inhoud;Prijs per stuk;Totaal;Adviesprijs;Barcode;;
BAAW2700055;Miller;Beige;250;86/92;1;1;49,62;49,62;129,00;8721263650963;;
BAAW2700055;Miller;Beige;250;98/104;2;1;49,62;99,24;129,00;8721263650970;;
BAAW2700055;Miller;Beige;250;110/116;1;1;49,62;49,62;129,00;8721263650987;;
BAAW2700055;Miller;Beige;250;122/128;1;1;49,62;49,62;129,00;8721263650994;;
;;;;;;;;;;;;
Artikelnummer;Artikel;Kleur;Kleurnummer;Maat;Aantal;Inhoud;Prijs per stuk;Totaal;Adviesprijs;Barcode;;
BAAW2700059;Healy;Brown choco;202;86/92;1;1;15,00;15,00;39,00;8721263651625;;
BAAW2700059;Healy;Brown choco;202;98/104;1;1;15,00;15,00;39,00;8721263651632;;
BAAW2700059;Healy;Brown choco;202;110/116;2;1;15,00;30,00;39,00;8721263651649;;
BAAW2700059;Healy;Brown choco;202;122/128;1;1;15,00;15,00;39,00;8721263651656;;
;;;;;;;;;;;;
Artikelnummer;Artikel;Kleur;Kleurnummer;Maat;Aantal;Inhoud;Prijs per stuk;Totaal;Adviesprijs;Barcode;;
BAAW2700060;Nena;Rose cafe;234;86/92;1;1;15,00;15,00;39,00;8721263652066;;
BAAW2700060;Nena;Rose cafe;234;98/104;1;1;15,00;15,00;39,00;8721263652073;;
BAAW2700060;Nena;Rose cafe;234;110/116;2;1;15,00;30,00;39,00;8721263652080;;
BAAW2700060;Nena;Rose cafe;234;122/128;1;1;15,00;15,00;39,00;8721263652097;;
;;;;;;;;;;;;
Artikelnummer;Artikel;Kleur;Kleurnummer;Maat;Aantal;Inhoud;Prijs per stuk;Totaal;Adviesprijs;Barcode;;
BAAW2700062;Kenai;Brown dark;204;86/92;0;1;15,00;0,00;39,00;8721263676284;;
BAAW2700062;Kenai;Brown dark;204;98/104;0;1;15,00;0,00;39,00;8721263676291;;
BAAW2700062;Kenai;Brown dark;204;110/116;0;1;15,00;0,00;39,00;8721263676307;;
BAAW2700062;Kenai;Brown dark;204;122/128;0;1;15,00;0,00;39,00;8721263676314;;
BAAW2700062;Kenai;Taupe;295;86/92;1;1;15,00;15,00;39,00;8721263659102;;
BAAW2700062;Kenai;Taupe;295;98/104;2;1;15,00;30,00;39,00;8721263659119;;
BAAW2700062;Kenai;Taupe;295;110/116;1;1;15,00;15,00;39,00;8721263659126;;
BAAW2700062;Kenai;Taupe;295;122/128;1;1;15,00;15,00;39,00;8721263659133;;
;;;;;;;;;;;;
Artikelnummer;Artikel;Kleur;Kleurnummer;Maat;Aantal;Inhoud;Prijs per stuk;Totaal;Adviesprijs;Barcode;;
BAAW2700063;Ruby;Taupe light;276;86/92;1;1;15,00;15,00;39,00;8721263652721;;
BAAW2700063;Ruby;Taupe light;276;98/104;2;1;15,00;30,00;39,00;8721263652738;;
BAAW2700063;Ruby;Taupe light;276;110/116;1;1;15,00;15,00;39,00;8721263652745;;
BAAW2700063;Ruby;Taupe light;276;122/128;1;1;15,00;15,00;39,00;8721263652752;;
;;;;;;;;;;;;
Artikelnummer;Artikel;Kleur;Kleurnummer;Maat;Aantal;Inhoud;Prijs per stuk;Totaal;Adviesprijs;Barcode;;
BAAW2700074;Meddox;Brown choco;202;86/92;1;1;20,77;20,77;54,00;8721263655364;;
BAAW2700074;Meddox;Brown choco;202;98/104;1;1;20,77;20,77;54,00;8721263655371;;
BAAW2700074;Meddox;Brown choco;202;110/116;2;1;20,77;41,54;54,00;8721263655388;;
BAAW2700074;Meddox;Brown choco;202;122/128;1;1;20,77;20,77;54,00;8721263655395;;
;;;;;;;;;;;;
Artikelnummer;Artikel;Kleur;Kleurnummer;Maat;Aantal;Inhoud;Prijs per stuk;Totaal;Adviesprijs;Barcode;;
BAAW2700083;Nula;Copper brown;221;86/92;1;1;17,31;17,31;45,00;8721263657016;;
BAAW2700083;Nula;Copper brown;221;98/104;1;1;17,31;17,31;45,00;8721263657023;;
BAAW2700083;Nula;Copper brown;221;110/116;2;1;17,31;34,62;45,00;8721263657030;;
BAAW2700083;Nula;Copper brown;221;122/128;1;1;17,31;17,31;45,00;8721263657047;;
;;;;;;;;;;;;
Artikelnummer;Artikel;Kleur;Kleurnummer;Maat;Aantal;Inhoud;Prijs per stuk;Totaal;Adviesprijs;Barcode;;
BAAW2700084;Mai;Brown choco;202;86/92;1;1;22,69;22,69;59,00;8721263657238;;
BAAW2700084;Mai;Brown choco;202;98/104;1;1;22,69;22,69;59,00;8721263657245;;
BAAW2700084;Mai;Brown choco;202;110/116;2;1;22,69;45,38;59,00;8721263657252;;
BAAW2700084;Mai;Brown choco;202;122/128;1;1;22,69;22,69;59,00;8721263657269;;
BAAW2700084;Mai;Taupe light;276;86/92;1;1;22,69;22,69;59,00;8721263657450;;
BAAW2700084;Mai;Taupe light;276;98/104;1;1;22,69;22,69;59,00;8721263657467;;
BAAW2700084;Mai;Taupe light;276;110/116;2;1;22,69;45,38;59,00;8721263657474;;
BAAW2700084;Mai;Taupe light;276;122/128;1;1;22,69;22,69;59,00;8721263657481;;
;;;;;;;;;;;;
Artikelnummer;Artikel;Kleur;Kleurnummer;Maat;Aantal;Inhoud;Prijs per stuk;Totaal;Adviesprijs;Barcode;;
BAAW2700091;Nikolai;Brown choco;202;86/92;1;1;15,00;15,00;39,00;8721263659430;;
BAAW2700091;Nikolai;Brown choco;202;98/104;2;1;15,00;30,00;39,00;8721263659447;;
BAAW2700091;Nikolai;Brown choco;202;110/116;1;1;15,00;15,00;39,00;8721263659454;;
BAAW2700091;Nikolai;Brown choco;202;122/128;1;1;15,00;15,00;39,00;8721263659461;;
BAAW2700091;Nikolai;Taupe;295;86/92;1;1;15,00;15,00;39,00;8721263659546;;
BAAW2700091;Nikolai;Taupe;295;98/104;2;1;15,00;30,00;39,00;8721263659553;;
BAAW2700091;Nikolai;Taupe;295;110/116;1;1;15,00;15,00;39,00;8721263659560;;
BAAW2700091;Nikolai;Taupe;295;122/128;1;1;15,00;15,00;39,00;8721263659577;;
;;;;;;;;;;;;
Artikelnummer;Artikel;Kleur;Kleurnummer;Maat;Aantal;Inhoud;Prijs per stuk;Totaal;Adviesprijs;Barcode;;
BAAW2700099;Moose;Taupe;295;86/92;1;1;22,69;22,69;59,00;8721263661969;;
BAAW2700099;Moose;Taupe;295;98/104;2;1;22,69;45,38;59,00;8721263661976;;
BAAW2700099;Moose;Taupe;295;110/116;1;1;22,69;22,69;59,00;8721263661983;;
BAAW2700099;Moose;Taupe;295;122/128;1;1;22,69;22,69;59,00;8721263661990;;
;;;;;;;;;;;;
Artikelnummer;Artikel;Kleur;Kleurnummer;Maat;Aantal;Inhoud;Prijs per stuk;Totaal;Adviesprijs;Barcode;;
BAAW2700109;Cordova;Taupe;295;86/92;1;1;22,69;22,69;59,00;8721263664052;;
BAAW2700109;Cordova;Taupe;295;98/104;2;1;22,69;45,38;59,00;8721263664069;;
BAAW2700109;Cordova;Taupe;295;110/116;1;1;22,69;22,69;59,00;8721263664076;;
BAAW2700109;Cordova;Taupe;295;122/128;1;1;22,69;22,69;59,00;8721263664083;;
;;;;;;;;;;;;
Artikelnummer;Artikel;Kleur;Kleurnummer;Maat;Aantal;Inhoud;Prijs per stuk;Totaal;Adviesprijs;Barcode;;
BAAW2700152;Frozen;Copper brown;221;2-4y;2;1;13,08;26,16;34,00;8721263673825;;
BAAW2700152;Frozen;Copper brown;221;5-7y;2;1;13,08;26,16;34,00;8721263673832;;
BAAW2700152;Frozen;Copper brown AOP;741;2-4y;0;1;13,08;0,00;34,00;8721263679575;;
BAAW2700152;Frozen;Copper brown AOP;741;5-7y;0;1;13,08;0,00;34,00;8721263679582;;
;;;;;;;;;;;;
Artikelnummer;Artikel;Kleur;Kleurnummer;Maat;Aantal;Inhoud;Prijs per stuk;Totaal;Adviesprijs;Barcode;;
BAAW2700153;Snowie;Copper brown;221;2-4y;2;1;11,15;22,30;29,00;8721263679605;;
BAAW2700153;Snowie;Copper brown;221;5-7y;2;1;11,15;22,30;29,00;8721263679612;;
BAAW2700153;Snowie;Taupe clay AOP;297;2-4y;2;1;11,15;22,30;29,00;8721263673733;;
BAAW2700153;Snowie;Taupe clay AOP;297;5-7y;2;1;11,15;22,30;29,00;8721263673740;;
;;;;;;;;;;;;
Artikelnummer;Artikel;Kleur;Kleurnummer;Maat;Aantal;Inhoud;Prijs per stuk;Totaal;Adviesprijs;Barcode;;
BAAW2700154;Wintery;Copper brown;221;2-4y;2;1;9,23;18,46;24,00;8721263679636;;
BAAW2700154;Wintery;Copper brown;221;5-7y;2;1;9,23;18,46;24,00;8721263679643;;
BAAW2700154;Wintery;Taupe clay AOP;297;2-4y;2;1;9,23;18,46;24,00;8721263673948;;
BAAW2700154;Wintery;Taupe clay AOP;297;5-7y;2;1;9,23;18,46;24,00;8721263673955;;
;;;;;;;;;;;;
Artikelnummer;Artikel;Kleur;Kleurnummer;Maat;Aantal;Inhoud;Prijs per stuk;Totaal;Adviesprijs;Barcode;;
BAAW2700155;Maey;Creme oat;139;86/92;0;1;30,38;0,00;79,00;8721263674259;;
BAAW2700155;Maey;Creme oat;139;98/104;0;1;30,38;0,00;79,00;8721263674266;;
BAAW2700155;Maey;Creme oat;139;110/116;0;1;30,38;0,00;79,00;8721263674273;;
BAAW2700155;Maey;Creme oat;139;122/128;0;1;30,38;0,00;79,00;8721263674280;;
BAAW2700155;Maey;Brown choco;202;86/92;1;1;30,38;30,38;79,00;8721263674310;;
BAAW2700155;Maey;Brown choco;202;98/104;1;1;30,38;30,38;79,00;8721263674327;;
BAAW2700155;Maey;Brown choco;202;110/116;2;1;30,38;60,76;79,00;8721263674334;;
BAAW2700155;Maey;Brown choco;202;122/128;1;1;30,38;30,38;79,00;8721263674341;;
BAAW2700155;Maey;Taupe;295;86/92;1;1;30,38;30,38;79,00;8721263674372;;
BAAW2700155;Maey;Taupe;295;98/104;1;1;30,38;30,38;79,00;8721263674389;;
BAAW2700155;Maey;Taupe;295;110/116;2;1;30,38;60,76;79,00;8721263674396;;
BAAW2700155;Maey;Taupe;295;122/128;1;1;30,38;30,38;79,00;8721263674402;;
;;;;;;;;;;;;
Artikelnummer;Artikel;Kleur;Kleurnummer;Maat;Aantal;Inhoud;Prijs per stuk;Totaal;Adviesprijs;Barcode;;
BAAW2700156;Maeze;Brown choco;202;86/92;1;1;30,38;30,38;79,00;8721263674495;;
BAAW2700156;Maeze;Brown choco;202;98/104;2;1;30,38;60,76;79,00;8721263674501;;
BAAW2700156;Maeze;Brown choco;202;110/116;1;1;30,38;30,38;79,00;8721263674518;;
BAAW2700156;Maeze;Brown choco;202;122/128;1;1;30,38;30,38;79,00;8721263674525;;
BAAW2700156;Maeze;Taupe;295;86/92;1;1;30,38;30,38;79,00;8721263674556;;
BAAW2700156;Maeze;Taupe;295;98/104;2;1;30,38;60,76;79,00;8721263674563;;
BAAW2700156;Maeze;Taupe;295;110/116;1;1;30,38;30,38;79,00;8721263674570;;
BAAW2700156;Maeze;Taupe;295;122/128;1;1;30,38;30,38;79,00;8721263674587;;
;;;;;;;;;;;;
;;;;;;;;;;;;
Stuks;;130;;;;;;;;;;
Goederentotaal;;2.905,66;;;;;;;;;;
Totaal excl. btw (EUR);;2.905,66;;;;;;;;;;