EAN;Artikelcode;Productnaam;Merk;Prijs factuur HT (€);Verkoopprijs notitie;Advies/verkoopprijs TTC (€);Bron prijs TTC;Webshoptekst;Bron research
3760217141794;VINBM200;Mousse de Douche Vanille 200 ml;Inuwet;6,10;prijs op factuur HT (leverancier): 6,10 €;12,00;https://inuwet.com/products/mousse-de-douche-parfum-vanille;"Inuwet - Mousse de Douche Vanille (200 ml)

Een wolkje vanille-chantilly onder de douche — zoet, zacht en ultrazacht voor de hele familie. 🍦

Deze douchemousse voelt als slagroom op de huid: luchtig, wit en heerlijk romig. Het warme vanilleparfum maakt van het douchemoment een klein cocoonritueel — ideaal voor kinderen én mama.

De formule is verrijkt met biologische aloë vera en plantaardige glycerine die helpen hydrateren en kalmeren. Meer dan 92% ingrediënten van natuurlijke oorsprong, vegan, dermatologisch getest en gemaakt in Frankrijk. Vanaf 3 jaar.

Tip: goed schudden voor gebruik, aanbrengen op vochtige huid en masseren met een zachte spons voor een nog luxueuzere mousse.

Kenmerken
• 200 ml douchemousse met vanillegeur
• Texture chantilly: luchtig, onctueus en mild
• Met aloë vera BIO & plantaardige glycerine
• Vegan, Made in France, vanaf 3 jaar
• Geschikt voor delicate huid van de hele familie

Over Inuwet
Inuwet is een Franse kids- & beauty-merk dat kleur, geur en speelse rituelen combineert met zachte, vegan formules — gemaakt in Frankrijk en ontworpen voor de hele familie (vaak vanaf 3 jaar).";"https://inuwet.com/products/mousse-de-douche-parfum-vanille ; April Beauty productfiche"
3760217141015;VINBM205;Mousse de Douche Cola 200 ml;Inuwet;6,10;prijs op factuur HT (leverancier): 6,10 €;12,00;https://inuwet.com (mousse cola / collectie mousses);"Inuwet - Mousse de Douche Cola (200 ml)

Speelse cola-geur en een speelse chantilly-mousse — douchen wordt een fun moment. 🥤

Deze douchemousse heeft een zachte, onctueuze texture en een vrolijk colaparfum dat kinderen (én ouders) doet glimlachen. De kleurrijke, romige schuimervaring maakt van elke douche een klein avontuur.

Formulering met biologische aloë vera en hydraterende plantaardige glycerine: mild, vegan en Made in France. Meer dan 92% natuurlijke oorsprong, dermatologisch getest, voor de hele familie vanaf 3 jaar.

Schud goed, breng aan op vochtige huid en geniet van de airy mousse — eventueel met een spons voor nog meer speels schuim.

Kenmerken
• 200 ml douchemousse met colageur
• Chantilly-texture, mild en speels
• Aloë vera BIO & plantaardige glycerine
• Vegan, Made in France, vanaf 3 jaar
• Kids beauty / family shower foam

Over Inuwet
Inuwet is een Franse kids- & beauty-merk dat kleur, geur en speelse rituelen combineert met zachte, vegan formules — gemaakt in Frankrijk en ontworpen voor de hele familie (vaak vanaf 3 jaar).";"https://inuwet.com/products/mousse-de-douche-pop-corn-copie ; https://www.april-beauty.com/fr/mousse-de-douche-cola-"
3760217140193;VINBM301;Coffret Bain Sweet Pink – Fraise;Inuwet;12,25;prijs op factuur HT (leverancier): 12,25 €;24,00;https://inuwet.com/products/coffret-sweet-pink;"Inuwet - Coffret Bain Sweet Pink (Fraise)

Een roze aardbei-badfeestje in één giftset — mousse, spons & chouchou. 🍓

Het Sweet Pink-coffret maakt van het bad een vrolijk strawberry-moment. Binnenin: een roze douchemousse met heerlijk aardbeiparfum (200 ml), een speelse spons en een chouchou (plus sticker) — perfect om te geven of te bewaren.

De mousse heeft een zachte chantilly-texture en is verrijkt met aloë vera van biologische oorsprong en plantaardige glycerine. Vegan, Made in France, voor kleine en grote beautyfans vanaf 3 jaar.

Ideaal als verjaardagscadeau, badkamer-upgrade of eerste ‘eigen’ beautyritueel voor kids.

Kenmerken
• Giftset: mousse fraise 200 ml + spons + chouchou (+ sticker)
• Roze chantilly-mousse met aardbeigeur
• Aloë vera BIO & glycerine, mild voor de huid
• Vegan & Made in France, vanaf 3 jaar
• Fun bath box / kids beauty cadeauset

Over Inuwet
Inuwet is een Franse kids- & beauty-merk dat kleur, geur en speelse rituelen combineert met zachte, vegan formules — gemaakt in Frankrijk en ontworpen voor de hele familie (vaak vanaf 3 jaar).";"https://inuwet.com/products/coffret-sweet-pink ; Beauty Success / L'Armoire de Bébé"
3760217140711;VINBM400;Coffret Bain Bubble Peach – Pêche;Inuwet;11,00;prijs op factuur HT (leverancier): 11,00 €;20,00;https://inuwet.com/products/bubble-peach-set-mousse-de-douche-peche-eponge-fruit-chouchou-velours;"Inuwet - Coffret Bain Bubble Peach (Pêche)

Zacht perzikschuim, fruitige spons en een coral chouchou — badtijd in peach-mode. 🍑

Bubble Peach is een fruitig badcoffret met oranje douchemousse met heerlijk perzikparfum, een fruitvormige spons en een chouchou in velvet coral. Een cadeau dat zowel kids als teens blij maakt.

De mousse voelt als chantilly: onctueus, mild en hydraterend dankzij aloë vera BIO en plantaardige glycerine. Ongeveer 92,4% ingrediënten van natuurlijke oorsprong, vegan, Made in France, dermatologisch getest, vanaf 3 jaar.

Schud, schuim en geniet — de spons verlengt het speelse mousse-moment onder de douche.

Kenmerken
• Set: mousse pêche 200 ml + fruit spons + chouchou velvet
• Perzikgeur, oranje chantilly-texture
• Aloë vera BIO & plantaardige glycerine
• Vegan, Made in France, vanaf 3 jaar
• Ideaal cadeau kids beauty / bath set

Over Inuwet
Inuwet is een Franse kids- & beauty-merk dat kleur, geur en speelse rituelen combineert met zachte, vegan formules — gemaakt in Frankrijk en ontworpen voor de hele familie (vaak vanaf 3 jaar).";https://inuwet.com/products/bubble-peach-set-mousse-de-douche-peche-eponge-fruit-chouchou-velours
3760355045596;VINCDIY3;Mask Peel-Off Hydratant Aquasource Monoï (sachet DIY);Inuwet;3,00;prijs op factuur HT (leverancier): 3,00 €;5,50;https://inuwet.com/products/masque-visage-peel-off-detox-copy (peel-off hydratant monoï);"Inuwet - Mask Peel-Off Hydratant Aquasource Monoï (DIY sachet)

Een speels DIY peel-off masker met monoï — hydrateren als een beauty-atelier thuis. ✨

Dit poedermasker (Aqua Shot / Aquasource Monoï) meng je met water tot een gel die je aanbrengt, laat inwerken en daarna als een film afpelt. Een leuk, sensorieel ritueel met een zachte monoï-touch.

Typisch geformuleerd met mariene alginaten en verzachtende actieve stoffen (o.a. aloë) voor een hydraterend, vegan peel-off moment. Geschikt als solo-sachet of binnen een DIY-kit met kom en kwast.

Perfect voor een mother-daughter spa-avond of een eerste échte skincare-stap voor teens.

Kenmerken
• DIY peel-off poedermasker, geur monoï
• Hydraterende Aquasource / Aqua Shot formule
• Meng met water, aanbrengen, afpellen
• Vegan kids- & teen beauty masker
• Los sachet (ideaal refill / single use)

Over Inuwet
Inuwet is een Franse kids- & beauty-merk dat kleur, geur en speelse rituelen combineert met zachte, vegan formules — gemaakt in Frankrijk en ontworpen voor de hele familie (vaak vanaf 3 jaar).";"https://inuwet.com/products/masque-visage-peel-off-detox-copy ; Printemps / Cocooncenter Aqua Shot Monoï"
3760217140902;VINCP01;Coffret Miss Peony (parfum + baume + chouchou);Inuwet;10,00;prijs op factuur HT (leverancier): 10,00 €;19,9;Voorstel Babette ~2× HT, goedgekeurd Margot 15/09/2026;"Inuwet - Coffret Miss Peony

Bloemige pioen-elegance in één set: roll-on, lippenbalsem en chouchou. 🌸

Miss Peony is een geurig beautycoffret rond peony/pivoine: een glittery roll-on parfum, een geurende lippenbalsem (vaak marshmallow/guimauve-achtig) en een satijnen chouchou. Zoet, zacht en klaar om te geven.

Denk aan een first perfume-ritueel voor kids en teens: licht, speels en veilig in de Inuwet-stijl — vegan beauty met Franse roots.

Mooi als verjaardags- of feestdagencadeau, of als starterset voor een eigen beauty-etui.

Kenmerken
• Set: roll-on parfum pivoine + lippenbalsem + chouchou
• Bloemige, zachte peony-geurbeleving
• Kids & mama beauty giftset
• Vegan Inuwet-formule, Made in France-spirit
• Ideaal als eerste parfumset

Over Inuwet
Inuwet is een Franse kids- & beauty-merk dat kleur, geur en speelse rituelen combineert met zachte, vegan formules — gemaakt in Frankrijk en ontworpen voor de hele familie (vaak vanaf 3 jaar).";"https://minishumains.com/fr/Produit-2054184-Coffret-Miss-Pivoine ; Space of Beauty Miss Peony set"
3760217141008;VINCP03;Coffret Parfum Miss Monoï;Inuwet;10,00;prijs op factuur HT (leverancier): 10,00 €;19,9;Voorstel Babette ~2× HT, goedgekeurd Margot 15/09/2026;"Inuwet - Coffret Miss Monoï

Zomerse monoï-vibes: roll-on, lippenbalsem en chouchou in één sunny set. 🌺

Miss Monoï brengt vacation-gevoel naar de beautybag: een eau de parfum roll-on met monoï (typisch 10 ml), een matching lippenbalsem en een chouchou. Licht, zonnig en speels — zonder zwaar te zijn.

Een perfect cadeau voor kids die van geurige rituelen houden, of voor mama’s die graag een mini-escape in hun etui hebben. Inuwet-stijl: kleurrijk, vegan-minded en Made in France.

Aanbrengen van de roll-on op polsen of hals; de balsem de hele dag op de lippen voor zachte, geurende kissen.

Kenmerken
• Set: monoï roll-on ±10 ml + lippenbalsem + chouchou
• Zonnige monoï-/vakantiegeur
• Compacte giftset kids & teen beauty
• Vegan Inuwet-collectie
• Ideaal als zomer- of feestdagencadeau

Over Inuwet
Inuwet is een Franse kids- & beauty-merk dat kleur, geur en speelse rituelen combineert met zachte, vegan formules — gemaakt in Frankrijk en ontworpen voor de hele familie (vaak vanaf 3 jaar).";"https://www.my-origines.com/fr/miss-monoi-Q5728001.html ; https://www.littleteam.be/se-laver/6702-coffret-miss-monoi-inuwet-3760217141008.html"
3760355044827;VINDV02;Duo Mauve – Baume B07 + Vernis V04;Inuwet;7,25;prijs op factuur HT (leverancier): 7,25 €;14,5;Voorstel Babette ~2× HT, goedgekeurd Margot 15/09/2026;"Inuwet - Duo Mauve (Lippenbalsem + Watervernis)

Zacht mauve-duo: zoete lippenzorg én speelse watervernis voor kids. 💜

Dit duo combineert een geurende lippenbalsem (vaak marshmallow/guimauve in de mauve-lijn) met een watergedragen nagellak in een delicate mauve/myrtille-tint. Twee essentials voor een eerste make-upritueel — mild en leuk.

De balsem voedt met typische Inuwet-actieven zoals sheaboter, macadamiaolie en carnaubawas; de vernis is water based en makkelijk verwijderbaar — ideaal voor kinderen.

Mooi als mini-giftset of als matchende set voor etui en nagels.

Kenmerken
• Duo: lippenbalsem + watervernis mauve
• Kids-vriendelijke water based nail polish
• Hydraterende vegan lippenbalsem
• Speelse mauve/myrtille look
• Vanaf ±3 jaar (volg etiket)

Over Inuwet
Inuwet is een Franse kids- & beauty-merk dat kleur, geur en speelse rituelen combineert met zachte, vegan formules — gemaakt in Frankrijk en ontworpen voor de hele familie (vaak vanaf 3 jaar).";"https://inuwet.com/products/duo-baume-vernis-kids-mauve-copie ; https://inuwet.ca/products/duo-baume-vernis-mauve"
3760217140209;VINDV04;Duo Baume + Vernis Fuchsia DV04;Inuwet;7,25;prijs op factuur HT (leverancier): 7,25 €;14,5;Voorstel Babette ~2× HT, goedgekeurd Margot 15/09/2026;"Inuwet - Duo Baume & Vernis Fuchsia

Fel fuchsia fun: zoete balsem en roze watervernis in één cadeau-duo. 💖

Een vrolijk fuchsia-setje met een geurende lippenbalsem (vaak cerise/kers in deze lijn) en een watergedragen vernis in een speelse roze/fuchsia tint. Perfect voor little fashionistas die van kleur houden.

De balsem hydrateert en beschermt; de vernis spoelt of veegt makkelijk weg — kinder-make-up zonder gedoe. Vegan Inuwet-formules, Made in France-spirit.

Geef als attentie bij een verjaardag, sleepover of als starterset beauty.

Kenmerken
• Duo: lippenbalsem + watervernis fuchsia
• Water based kids nail polish
• Hydraterende geurende balsem
• Fel, speels fuchsia-roze look
• Ideaal cadeau kids beauty

Over Inuwet
Inuwet is een Franse kids- & beauty-merk dat kleur, geur en speelse rituelen combineert met zachte, vegan formules — gemaakt in Frankrijk en ontworpen voor de hele familie (vaak vanaf 3 jaar).";"https://inuwet.com/products/duo-baume-vernis-kids-mauve-copie (duo vernis kids fuchsia-lijn) ; Beauty Success duo’s"
3760217140308;VINDV05;Duo Baume + Vernis Fraise;Inuwet;7,25;prijs op factuur HT (leverancier): 7,25 €;14,5;Voorstel Babette ~2× HT, goedgekeurd Margot 15/09/2026;"Inuwet - Duo Baume & Vernis Fraise

Aardbei-zoet op lippen én nagels — een duo dat glimlacht. 🍓

Dit fraise-duo brengt aardbeiengeur en roze vrolijkheid samen: een hydraterende lippenbalsem met strawberry-parfum én een watergedragen vernis in een zachte roze tint.

Mild genoeg voor kids, leuk genoeg voor teens. De balsem verzorgt met shea & plantaardige oliën; de vernis is water based en kindvriendelijk.

Een compact cadeau dat meteen ‘wow’ doet in de beautybag.

Kenmerken
• Duo: balsem fraise + watervernis rose
• Aardbeigeur op de lippen
• Water based kids nail polish
• Vegan Inuwet kids beauty
• Perfect als klein cadeautje

Over Inuwet
Inuwet is een Franse kids- & beauty-merk dat kleur, geur en speelse rituelen combineert met zachte, vegan formules — gemaakt in Frankrijk en ontworpen voor de hele familie (vaak vanaf 3 jaar).";https://www.beautysuccess.fr/soin-inuwet-coffret-duo-fraise-baume-a-levres-vernis-a-l-eau-femme-inu6102617
3760217141060;VINGL11;Lip Sirup Treatment Kers;Inuwet;7,30;prijs op factuur HT (leverancier): 7,30 €;14,5;Voorstel Babette ~2× HT, goedgekeurd Margot 15/09/2026;"Inuwet - Lip Sirup Treatment Kers

Een glanzende ‘siroop’-lipbehandeling met kersgeur — juicy, zacht en speels. 🍒

De Lip Sirup Treatment is een verzorgende lipgloss-/olie-achtige treatment met een heerlijk kersparfum. Denk aan een sappige finish die lippen zacht en glanzend laat ogen — zonder zwaar te zijn.

Typisch in de Inuwet-filosofie: vegan-minded, gemaakt voor kids & mama, met een focus op geurbeleving en comfort. Ideaal over een balsem of solo als daily shine.

Aanbrengen op schone lippen; opnieuw aanbrengen wanneer je zin hebt in een juicy boost. (Exacte INCI op verpakking controleren.)

Kenmerken
• Lip treatment / gloss-siroop met kersgeur
• Glanzende, verzorgende finish
• Kids & beauty lipcare Inuwet
• Leuk solo of in een liproutine
• Vegan brand DNA, Made in France-spirit

Over Inuwet
Inuwet is een Franse kids- & beauty-merk dat kleur, geur en speelse rituelen combineert met zachte, vegan formules — gemaakt in Frankrijk en ontworpen voor de hele familie (vaak vanaf 3 jaar).";"Factuur De Bruyère / Inuwet (Lip Sirup Treatment); gerelateerde lipgloss/olie-lijn via inuwet.com gloss collectie — beperkte publieke productfiche voor exacte SKU"
3760217141077;VINGL12;Lip Sirup Treatment Perzik;Inuwet;7,30;prijs op factuur HT (leverancier): 7,30 €;14,5;Voorstel Babette ~2× HT, goedgekeurd Margot 15/09/2026;"Inuwet - Lip Sirup Treatment Perzik

Een glanzende ‘siroop’-lipbehandeling met perzikgeur — juicy, zacht en speels. 🍑

De Lip Sirup Treatment is een verzorgende lipgloss-/olie-achtige treatment met een heerlijk perzikparfum. Denk aan een sappige finish die lippen zacht en glanzend laat ogen — zonder zwaar te zijn.

Typisch in de Inuwet-filosofie: vegan-minded, gemaakt voor kids & mama, met een focus op geurbeleving en comfort. Ideaal over een balsem of solo als daily shine.

Aanbrengen op schone lippen; opnieuw aanbrengen wanneer je zin hebt in een juicy boost. (Exacte INCI op verpakking controleren.)

Kenmerken
• Lip treatment / gloss-siroop met perzikgeur
• Glanzende, verzorgende finish
• Kids & beauty lipcare Inuwet
• Leuk solo of in een liproutine
• Vegan brand DNA, Made in France-spirit

Over Inuwet
Inuwet is een Franse kids- & beauty-merk dat kleur, geur en speelse rituelen combineert met zachte, vegan formules — gemaakt in Frankrijk en ontworpen voor de hele familie (vaak vanaf 3 jaar).";"Factuur De Bruyère / Inuwet (Lip Sirup Treatment); gerelateerde lipgloss/olie-lijn via inuwet.com gloss collectie — beperkte publieke productfiche voor exacte SKU"
3760217141084;VINGL13;Lip Sirup Treatment Aardbei;Inuwet;7,30;prijs op factuur HT (leverancier): 7,30 €;14,5;Voorstel Babette ~2× HT, goedgekeurd Margot 15/09/2026;"Inuwet - Lip Sirup Treatment Aardbei

Een glanzende ‘siroop’-lipbehandeling met aardbeigeur — juicy, zacht en speels. 🍓

De Lip Sirup Treatment is een verzorgende lipgloss-/olie-achtige treatment met een heerlijk aardbeiparfum. Denk aan een sappige finish die lippen zacht en glanzend laat ogen — zonder zwaar te zijn.

Typisch in de Inuwet-filosofie: vegan-minded, gemaakt voor kids & mama, met een focus op geurbeleving en comfort. Ideaal over een balsem of solo als daily shine.

Aanbrengen op schone lippen; opnieuw aanbrengen wanneer je zin hebt in een juicy boost. (Exacte INCI op verpakking controleren.)

Kenmerken
• Lip treatment / gloss-siroop met aardbeigeur
• Glanzende, verzorgende finish
• Kids & beauty lipcare Inuwet
• Leuk solo of in een liproutine
• Vegan brand DNA, Made in France-spirit

Over Inuwet
Inuwet is een Franse kids- & beauty-merk dat kleur, geur en speelse rituelen combineert met zachte, vegan formules — gemaakt in Frankrijk en ontworpen voor de hele familie (vaak vanaf 3 jaar).";"Factuur De Bruyère / Inuwet (Lip Sirup Treatment); gerelateerde lipgloss/olie-lijn via inuwet.com gloss collectie — beperkte publieke productfiche voor exacte SKU"
3760217140407;VINKV22;Duo Vernis Princess Aqualand;Inuwet;7,80;prijs op factuur HT (leverancier): 7,80 €;16,90;"https://www.little-cecile.com/beaute-soins/24453-coffret-duo-vernis-aqualand.html (retailer); officieel duo-aanbod Inuwet";"Inuwet - Duo Vernis Princess Aqualand

Twee watervernissen als een mermaid-duo: speels, glittery en kindvriendelijk. 🧜

Princess Aqualand is een duo watergedragen nagellakken — typisch een roze pastèque-tint en een blauwe/vanilla glitter — voor een aquapark-fantasie op de nagels.

Water based vernis is makkelijk aan te brengen en eenvoudig te verwijderen: ideaal voor kids die graag experimenteren zonder zware solventen. Inuwet-stijl: kleurrijk, vegan-minded en Made in France.

Perfect voor speelse manicures, sleepovers en cadeausets.

Kenmerken
• Duo watervernis (rose pastèque + bleu glitter/vanille)
• Water based — kids-vriendelijk
• Speelse Princess Aqualand look
• Vegan Inuwet nail set
• Ideaal cadeau kids beauty

Over Inuwet
Inuwet is een Franse kids- & beauty-merk dat kleur, geur en speelse rituelen combineert met zachte, vegan formules — gemaakt in Frankrijk en ontworpen voor de hele familie (vaak vanaf 3 jaar).";"https://inuwet.ca/products/coffret-duo-vernis-aqualand ; Little Cécile"
3760217141312;VINKV23;Duo Vernis Bubble Gum;Inuwet;7,80;prijs op factuur HT (leverancier): 7,80 €;14,00;https://inuwet.com (duo vernis Bubble Gum ~14 € TTC) / Little Cécile ~16,90 €;"Inuwet - Duo Vernis Bubble Gum

Bubblegum-roze en vanilla glitter — nagels met snoepwinkel-energie. 🍬

Dit duo watervernis speelt met een bubblegum-roze tint en een zilver/fuchsia of vanille-glitter voor een speelse manicure. Twee flessen, eindeloos mixen.

Water based formules die kindvriendelijk zijn in gebruik en verwijdering. Vegan Inuwet-DNA, Made in France — gemaakt om te spelen met kleur.

Leuk als party-favor, adventsattentie of eerste nagellakset.

Kenmerken
• Duo watervernis Bubble Gum-look
• Roze bubblegum + glitter/vanille accent
• Water based kids nail polish
• Vegan & speels
• Cadeau-ready set

Over Inuwet
Inuwet is een Franse kids- & beauty-merk dat kleur, geur en speelse rituelen combineert met zachte, vegan formules — gemaakt in Frankrijk en ontworpen voor de hele familie (vaak vanaf 3 jaar).";"https://www.little-cecile.com/beaute-soins/24449-coffret-duo-vernis-bubble-gum-et-vanille.html ; inuwet.com duo vernis collectie"
3662232001568;VINLB01;Lippenbalsem Vanille-Coco;Inuwet;3,35;prijs op factuur HT (leverancier): 3,35 €;6,50;https://inuwet.com/products/baume-a-levres-vanille-coco;"Inuwet - Lippenbalsem Vanille-Coco

Iconische Inuwet-balsem met vanille-cocogeur — zacht, vegan en verslavend lekker. 🥥

Deze hydraterende lippenbalsem ruikt heerlijk naar vanille-coco en voedt intens dankzij sheaboter, macadamiaolie en biologische carnaubawas. Lippen voelen soepel, comfortabel en beschermd — de hele dag door.

Formule vegan, gemaakt in Frankrijk, met ca. 94.5% ingrediënten van natuurlijke oorsprong. Geschikt voor kinderen vanaf 3 jaar; ook heerlijk als base onder lipstick.

Aanbrengen wanneer lippen droog aanvoelen of gewoon voor die zoete geurboost.

Kenmerken
• Lippenbalsem parfum vanille-coco
• Sheaboter, macadamiaolie, carnaubawas BIO
• ±94.5% natuurlijke oorsprong, vegan
• Made in France, vanaf 3 jaar
• Kids & mama lipcare classic

Over Inuwet
Inuwet is een Franse kids- & beauty-merk dat kleur, geur en speelse rituelen combineert met zachte, vegan formules — gemaakt in Frankrijk en ontworpen voor de hele familie (vaak vanaf 3 jaar).";https://inuwet.com/products/baume-a-levres-vanille-coco
3662232001469;VINLB03;Lippenbalsem Aardbei;Inuwet;3,35;prijs op factuur HT (leverancier): 3,35 €;6,50;https://inuwet.com/products/baume-a-levres-fraise;"Inuwet - Lippenbalsem Aardbei

Iconische Inuwet-balsem met aardbeigeur — zacht, vegan en verslavend lekker. 🍓

Deze hydraterende lippenbalsem ruikt heerlijk naar aardbei en voedt intens dankzij sheaboter, macadamiaolie en biologische carnaubawas. Lippen voelen soepel, comfortabel en beschermd — de hele dag door.

Formule vegan, gemaakt in Frankrijk, met ca. 95.7% ingrediënten van natuurlijke oorsprong. Geschikt voor kinderen vanaf 3 jaar; ook heerlijk als base onder lipstick.

Aanbrengen wanneer lippen droog aanvoelen of gewoon voor die zoete geurboost.

Kenmerken
• Lippenbalsem parfum aardbei
• Sheaboter, macadamiaolie, carnaubawas BIO
• ±95.7% natuurlijke oorsprong, vegan
• Made in France, vanaf 3 jaar
• Kids & mama lipcare classic

Over Inuwet
Inuwet is een Franse kids- & beauty-merk dat kleur, geur en speelse rituelen combineert met zachte, vegan formules — gemaakt in Frankrijk en ontworpen voor de hele familie (vaak vanaf 3 jaar).";https://inuwet.com/products/baume-a-levres-fraise
3662232002800;VINLB08;Lippenbalsem Kers;Inuwet;3,35;prijs op factuur HT (leverancier): 3,35 €;6,50;https://inuwet.com/products/baume-a-levres-cerise;"Inuwet - Lippenbalsem Kers

Iconische Inuwet-balsem met kersgeur — zacht, vegan en verslavend lekker. 🍒

Deze hydraterende lippenbalsem ruikt heerlijk naar kers en voedt intens dankzij sheaboter, macadamiaolie en biologische carnaubawas. Lippen voelen soepel, comfortabel en beschermd — de hele dag door.

Formule vegan, gemaakt in Frankrijk, met ca. 95.1% ingrediënten van natuurlijke oorsprong. Geschikt voor kinderen vanaf 3 jaar; ook heerlijk als base onder lipstick.

Aanbrengen wanneer lippen droog aanvoelen of gewoon voor die zoete geurboost.

Kenmerken
• Lippenbalsem parfum kers
• Sheaboter, macadamiaolie, carnaubawas BIO
• ±95.1% natuurlijke oorsprong, vegan
• Made in France, vanaf 3 jaar
• Kids & mama lipcare classic

Over Inuwet
Inuwet is een Franse kids- & beauty-merk dat kleur, geur en speelse rituelen combineert met zachte, vegan formules — gemaakt in Frankrijk en ontworpen voor de hele familie (vaak vanaf 3 jaar).";https://inuwet.com/products/baume-a-levres-cerise
3662232002831;VINLB10;Lippenbalsem Suikerspin;Inuwet;3,35;prijs op factuur HT (leverancier): 3,35 €;6,50;https://inuwet.com/products/baume-a-levres-barbe-a-papa;"Inuwet - Lippenbalsem Suikerspin

Iconische Inuwet-balsem met suikerspingeur — zacht, vegan en verslavend lekker. 🍭

Deze hydraterende lippenbalsem ruikt heerlijk naar suikerspin en voedt intens dankzij sheaboter, macadamiaolie en biologische carnaubawas. Lippen voelen soepel, comfortabel en beschermd — de hele dag door.

Formule vegan, gemaakt in Frankrijk, met ca. 98.9% ingrediënten van natuurlijke oorsprong. Geschikt voor kinderen vanaf 3 jaar; ook heerlijk als base onder lipstick.

Aanbrengen wanneer lippen droog aanvoelen of gewoon voor die zoete geurboost.

Kenmerken
• Lippenbalsem parfum suikerspin
• Sheaboter, macadamiaolie, carnaubawas BIO
• ±98.9% natuurlijke oorsprong, vegan
• Made in France, vanaf 3 jaar
• Kids & mama lipcare classic

Over Inuwet
Inuwet is een Franse kids- & beauty-merk dat kleur, geur en speelse rituelen combineert met zachte, vegan formules — gemaakt in Frankrijk en ontworpen voor de hele familie (vaak vanaf 3 jaar).";https://inuwet.com/products/baume-a-levres-barbe-a-papa
3662232005672;VINLB20;Lippenbalsem Métal Goud / Gold (Cheesecake);Inuwet;3,55;prijs op factuur HT (leverancier): 3,55 €;6,50;https://inuwet.com/products/baume-a-levres-red-metal (métal-lijn 6,50 € TTC);"Inuwet - Lippenbalsem Métal Goud / Gold (Cheesecake)

Metallic shine meets soft care — een glanzende balsem met wow-factor. ✨

De métal-collectie combineert de bekende Inuwet-verzorging met een subtiele metallic/shimmer finish (Goud / Gold (Cheesecake)). Ideaal voor wie lippen wil hydrateren én een speelse glow wil.

Rijk aan sheaboter, macadamia-, zonnebloem- en ricinusolie plus biologische carnaubawas. Vegan, Made in France, hoge % natuurlijke oorsprong, vanaf 3 jaar.

Aanbrengen solo voor een glossy metallic look of als topper over een nude tint.

Kenmerken
• Metallic lippenbalsem – Goud / Gold (Cheesecake)
• Shea, macadamia, carnauba BIO
• Vegan & Made in France
• Glow + hydratatie in één stick
• Vanaf 3 jaar

Over Inuwet
Inuwet is een Franse kids- & beauty-merk dat kleur, geur en speelse rituelen combineert met zachte, vegan formules — gemaakt in Frankrijk en ontworpen voor de hele familie (vaak vanaf 3 jaar).";"https://inuwet.com/products/baume-a-levres-purple-metal ; parapharmacie listings Gold/Fuchsia/Pomme d'amour"
3662232005696;VINLB22;Lippenbalsem Métal Fuchsia Metallic;Inuwet;3,55;prijs op factuur HT (leverancier): 3,55 €;6,50;https://inuwet.com/products/baume-a-levres-red-metal (métal-lijn 6,50 € TTC);"Inuwet - Lippenbalsem Métal Fuchsia Metallic

Metallic shine meets soft care — een glanzende balsem met wow-factor. 💗

De métal-collectie combineert de bekende Inuwet-verzorging met een subtiele metallic/shimmer finish (Fuchsia Metallic). Ideaal voor wie lippen wil hydrateren én een speelse glow wil.

Rijk aan sheaboter, macadamia-, zonnebloem- en ricinusolie plus biologische carnaubawas. Vegan, Made in France, hoge % natuurlijke oorsprong, vanaf 3 jaar.

Aanbrengen solo voor een glossy metallic look of als topper over een nude tint.

Kenmerken
• Metallic lippenbalsem – Fuchsia Metallic
• Shea, macadamia, carnauba BIO
• Vegan & Made in France
• Glow + hydratatie in één stick
• Vanaf 3 jaar

Over Inuwet
Inuwet is een Franse kids- & beauty-merk dat kleur, geur en speelse rituelen combineert met zachte, vegan formules — gemaakt in Frankrijk en ontworpen voor de hele familie (vaak vanaf 3 jaar).";"https://inuwet.com/products/baume-a-levres-purple-metal ; parapharmacie listings Gold/Fuchsia/Pomme d'amour"
3662232005832;VINLB27;Lippenbalsem Métal Pomme d'Amour (rood metaal);Inuwet;3,55;prijs op factuur HT (leverancier): 3,55 €;6,50;https://inuwet.com/products/baume-a-levres-red-metal (métal-lijn 6,50 € TTC);"Inuwet - Lippenbalsem Métal Pomme d'Amour (rood metaal)

Metallic shine meets soft care — een glanzende balsem met wow-factor. 🍎

De métal-collectie combineert de bekende Inuwet-verzorging met een subtiele metallic/shimmer finish (Pomme d'Amour (rood metaal)). Ideaal voor wie lippen wil hydrateren én een speelse glow wil.

Rijk aan sheaboter, macadamia-, zonnebloem- en ricinusolie plus biologische carnaubawas. Vegan, Made in France, hoge % natuurlijke oorsprong, vanaf 3 jaar.

Aanbrengen solo voor een glossy metallic look of als topper over een nude tint.

Kenmerken
• Metallic lippenbalsem – Pomme d'Amour (rood metaal)
• Shea, macadamia, carnauba BIO
• Vegan & Made in France
• Glow + hydratatie in één stick
• Vanaf 3 jaar

Over Inuwet
Inuwet is een Franse kids- & beauty-merk dat kleur, geur en speelse rituelen combineert met zachte, vegan formules — gemaakt in Frankrijk en ontworpen voor de hele familie (vaak vanaf 3 jaar).";"https://inuwet.com/products/baume-a-levres-red-metal ; parapharmacie listings Gold/Fuchsia/Pomme d'amour"
3662232003128;VINMA10;Bio-cellulose gezichtsmaskers Coconut Water (doos 10);Inuwet;3,75;prijs op factuur HT (leverancier): 3,75 €;7,5;Voorstel Babette ~2× HT, goedgekeurd Margot 15/09/2026;"Inuwet - Bio-cellulose Gezichtsmaskers Coconut Water (set van 10)

Ultrazachte coco-hydratatie in een second-skin masker — spa-gevoel thuis. 🥥

Deze doos bevat 10 bio-cellulose gezichtsmaskers met kokoswater (vaak gefermenteerd) voor een intense hydratatieboost. Het masker kleeft als een tweede huid en laat serum achter dat je na gebruik kunt inmasseren.

Bio-cellulose is bekend om zijn hoge tolerantie en comfort — fijn voor een wekelijks glow-ritueel voor teens en mama’s. Inuwet vertaalt skincare naar een speelse, toegankelijke beauty-ervaring.

Gebruik: aanbrengen 15–20 minuten, masker verwijderen en restserum masseren. (Volg instructies op de verpakking.)

Kenmerken
• Doos van 10 bio-cellulose sheet masks
• Hydratatie met coconut water
• Second-skin comfort, glow-boost
• Ideaal voor wekelijkse skincare-routine
• Kids/teen & mama beauty maskers

Over Inuwet
Inuwet is een Franse kids- & beauty-merk dat kleur, geur en speelse rituelen combineert met zachte, vegan formules — gemaakt in Frankrijk en ontworpen voor de hele familie (vaak vanaf 3 jaar).";"https://www.beautysuccess.fr/soin-inuwet-masque-ultra-hydratant-bio-cellulose-100-eau-de-coco-naturellement-fermente-masque-hydratant-femme-c044125 ; Smallable bio cellulose mask"
3760217140841;VINMP;Makeup Gold Powder Cube – Poudre Or;Inuwet;8,10;prijs op factuur HT (leverancier): 8,10 €;16,00;https://inuwet.com/products/poudre-libre-or-cube;"Inuwet - Gold Powder Cube (Poudre Or)

Een kubusje losse goudpoeder voor een zachte iriserende glow op gezicht én lichaam. 🌟

De Gold Powder Cube is een losse glitter/iriserende goudpoeder met een handige applicator — perfect om jukbeenderen, décolleté of schouders een speelse shimmer te geven.

Denk aan festivalvibes of een feestlook zonder zware make-up. Inuwet maakt van glow een leuk, toegankelijk beauty-moment voor teens en mama’s.

Licht aanbrengen met het sponsje/kwastje in de cube; opbouwbaar naar wens.

Kenmerken
• Losse goudpoeder in cube-verpakking
• Voor gezicht & lichaam
• Iriserende gold glitter glow
• Inclusief applicator/cushion-concept
• Party / kids-teen makeup accent

Over Inuwet
Inuwet is een Franse kids- & beauty-merk dat kleur, geur en speelse rituelen combineert met zachte, vegan formules — gemaakt in Frankrijk en ontworpen voor de hele familie (vaak vanaf 3 jaar).";"https://inuwet.com/products/poudre-libre-or-cube ; Smallable Gold Glitter powder cube"
3760217141237;VINWA41;Trousse Berry Red – Lip Routine Wallet;Inuwet;10,10;prijs op factuur HT (leverancier): 10,10 €;19,9;Voorstel Babette ~2× HT, goedgekeurd Margot 15/09/2026;"Inuwet - Trousse Berry Red (Lip Routine)

Een rode berry-trousse met complete liproutine — patch + kleur/verzorging. 💋

De Berry Red wallet/trousse bundelt een hydraterende (repulperende) lippatch met een strawberry/flower-in-a-box lipproduct voor een speelse liproutine onderweg. Compact, cute en gift-ready.

Gebruik eerst de patch (±15–20 min) voor zachte, gehydrateerde lippen; werk daarna af met het lipproduct voor kleur en comfort. Ideaal voor teens die van een ‘mini spa for lips’ houden.

Mooi als cadeau of als eigen etui-upgrade in de schooltas of handtas.

Kenmerken
• Trousse/wallet Berry Red liproutine
• Inclusief lippatch + lipproduct (fraise/berry)
• On-the-go kids & teen beauty
• Hydratatie + kleur in één set
• Perfect cadeau-format

Over Inuwet
Inuwet is een Franse kids- & beauty-merk dat kleur, geur en speelse rituelen combineert met zachte, vegan formules — gemaakt in Frankrijk en ontworpen voor de hele familie (vaak vanaf 3 jaar).";"https://www.my-origines.com/fr/supers-pouvoirs-Q5704008.html ; https://www.passionbeaute.fr/trousse-berry-47w-61-35-tb.html"