Order id;Date;Status;Season;Brand name;Brand sales person;Collection;Category;Product name;Product reference;Color name;Description;Composition;Fabric / print;Size family name;Size name;EAN13;SKU;Quantity;Unit price;Net amount;Pre-discount amount;Discount rate;Currency
3217909;2026-02-08 13:40:53;Open for brand;FW26;Tinycottons;Counter Team;AW26 Woman;Outerwear;Frills Long Coat;AW26-602;FRILLS LONG COAT L15;AW26-602 Frills Long Coat Washed Blue 34;100% Wool;;Woman;36;8434525636666;AW26-602L150000361;1;110,7;110,00;110,00;0;EUR
3217909;2026-02-08 13:40:53;Open for brand;FW26;Tinycottons;Counter Team;AW26 Woman;Outerwear;Frills Long Coat;AW26-602;FRILLS LONG COAT L15;AW26-602 Frills Long Coat Washed Blue 34;100% Wool;;Woman;38;8434525636673;AW26-602L150000381;1;110,7;110,00;110,00;0;EUR
3217909;2026-02-08 13:40:53;Open for brand;FW26;Tinycottons;Counter Team;AW26 Woman;Outerwear;Frills Long Coat;AW26-602;FRILLS LONG COAT L15;AW26-602 Frills Long Coat Washed Blue 34;100% Wool;;Woman;40;8434525636680;AW26-602L150000401;1;110,7;110,00;110,00;0;EUR
3217909;2026-02-08 13:40:53;Open for brand;FW26;Tinycottons;Counter Team;AW26 Woman;Outerwear;Frills Long Coat;AW26-602;FRILLS LONG COAT L15;AW26-602 Frills Long Coat Washed Blue 34;100% Wool;;Woman;42;8434525636697;AW26-602L150000421;1;110,7;110,00;110,00;0;EUR
3217909;2026-02-08 13:40:53;Open for brand;FW26;Tinycottons;Counter Team;AW26 Woman;Outerwear;Dots Flowers Sherpa Jacket;AW26-652;DOTS FLOWERS SHERPA JACKET P24;AW26-652 Dots Flowers Sherpa Jacket Denim Blue 34;100% Polyester;;Woman;36;8434525638370;AW26-652P240000361;1;73,7;73,00;73,00;0;EUR
3217909;2026-02-08 13:40:53;Open for brand;FW26;Tinycottons;Counter Team;AW26 Woman;Outerwear;Dots Flowers Sherpa Jacket;AW26-652;DOTS FLOWERS SHERPA JACKET P24;AW26-652 Dots Flowers Sherpa Jacket Denim Blue 34;100% Polyester;;Woman;38;8434525638387;AW26-652P240000381;1;73,7;73,00;73,00;0;EUR
3217909;2026-02-08 13:40:53;Open for brand;FW26;Tinycottons;Counter Team;AW26 Woman;Outerwear;Dots Flowers Sherpa Jacket;AW26-652;DOTS FLOWERS SHERPA JACKET P24;AW26-652 Dots Flowers Sherpa Jacket Denim Blue 34;100% Polyester;;Woman;40;8434525638394;AW26-652P240000401;1;73,7;73,00;73,00;0;EUR
3217909;2026-02-08 13:40:53;Open for brand;FW26;Tinycottons;Counter Team;AW26 Woman;Outerwear;Dots Flowers Sherpa Jacket;AW26-652;DOTS FLOWERS SHERPA JACKET P24;AW26-652 Dots Flowers Sherpa Jacket Denim Blue 34;100% Polyester;;Woman;42;8434525638400;AW26-652P240000421;1;73,7;73,00;73,00;0;EUR
3217909;2026-02-08 13:40:53;Open for brand;FW26;Tinycottons;Counter Team;AW26 Woman;Sweaters & Cardigans;Frank Striped Polo;AW26-845;FRANK STRIPED POLO U43;AW26-845 Frank Striped Polo Washed Blue/Cacao 34;50% Acrylic  33% Alpaca  15% Polyamide  2% Elastane;;Woman;34;8434525648966;AW26-845U430000341;1;51,5;51,00;51,00;0;EUR
3217909;2026-02-08 13:40:53;Open for brand;FW26;Tinycottons;Counter Team;AW26 Woman;Sweaters & Cardigans;Frank Striped Polo;AW26-845;FRANK STRIPED POLO U43;AW26-845 Frank Striped Polo Washed Blue/Cacao 34;50% Acrylic  33% Alpaca  15% Polyamide  2% Elastane;;Woman;36;8434525648973;AW26-845U430000361;1;51,5;51,00;51,00;0;EUR
3217909;2026-02-08 13:40:53;Open for brand;FW26;Tinycottons;Counter Team;AW26 Woman;Sweaters & Cardigans;Frank Striped Polo;AW26-845;FRANK STRIPED POLO U43;AW26-845 Frank Striped Polo Washed Blue/Cacao 34;50% Acrylic  33% Alpaca  15% Polyamide  2% Elastane;;Woman;38;8434525648980;AW26-845U430000381;1;51,5;51,00;51,00;0;EUR
3217909;2026-02-08 13:40:53;Open for brand;FW26;Tinycottons;Counter Team;AW26 Woman;Sweaters & Cardigans;Frank Striped Polo;AW26-845;FRANK STRIPED POLO U43;AW26-845 Frank Striped Polo Washed Blue/Cacao 34;50% Acrylic  33% Alpaca  15% Polyamide  2% Elastane;;Woman;40;8434525648997;AW26-845U430000401;1;51,5;51,00;51,00;0;EUR
3217909;2026-02-08 13:40:53;Open for brand;FW26;Tinycottons;Counter Team;AW26 Woman;Sweaters & Cardigans;Frank Striped Polo;AW26-845;FRANK STRIPED POLO U43;AW26-845 Frank Striped Polo Washed Blue/Cacao 34;50% Acrylic  33% Alpaca  15% Polyamide  2% Elastane;;Woman;42;8434525649000;AW26-845U430000421;1;51,5;51,00;51,00;0;EUR
3217909;2026-02-08 13:40:53;Open for brand;FW26;Tinycottons;Counter Team;AW26 Woman;Sweaters & Cardigans;Scarf Neck Lara Cardigan;AW26-668;SCARF NECK LARA CARDIGAN 107;AW26-668 Scarf Neck Lara Cardigan Navy 34;100% Extrafine Merino Wool;;Woman;36;8434525639254;AW26-6681070000361;1;47,8;47,00;47,00;0;EUR
3217909;2026-02-08 13:40:53;Open for brand;FW26;Tinycottons;Counter Team;AW26 Woman;Sweaters & Cardigans;Scarf Neck Lara Cardigan;AW26-668;SCARF NECK LARA CARDIGAN 107;AW26-668 Scarf Neck Lara Cardigan Navy 34;100% Extrafine Merino Wool;;Woman;38;8434525639261;AW26-6681070000381;1;47,8;47,00;47,00;0;EUR
3217909;2026-02-08 13:40:53;Open for brand;FW26;Tinycottons;Counter Team;AW26 Woman;Sweaters & Cardigans;Scarf Neck Lara Cardigan;AW26-668;SCARF NECK LARA CARDIGAN 107;AW26-668 Scarf Neck Lara Cardigan Navy 34;100% Extrafine Merino Wool;;Woman;40;8434525639278;AW26-6681070000401;1;47,8;47,00;47,00;0;EUR
3217909;2026-02-08 13:40:53;Open for brand;FW26;Tinycottons;Counter Team;AW26 Woman;Sweaters & Cardigans;Scarf Neck Lara Cardigan;AW26-668;SCARF NECK LARA CARDIGAN 107;AW26-668 Scarf Neck Lara Cardigan Navy 34;100% Extrafine Merino Wool;;Woman;42;8434525639285;AW26-6681070000421;1;47,8;47,00;47,00;0;EUR
3217909;2026-02-08 13:40:53;Open for brand;FW26;Tinycottons;Counter Team;AW26 Woman;Pants;Check Pants;AW26-757;CHECK PANTS U10;AW26-757 Check Pants Umber 34;65% Polyester  35% Wool;;Woman;36;8434525643794;AW26-757U100000361;1;55,2;55,00;55,00;0;EUR
3217909;2026-02-08 13:40:53;Open for brand;FW26;Tinycottons;Counter Team;AW26 Woman;Pants;Check Pants;AW26-757;CHECK PANTS U10;AW26-757 Check Pants Umber 34;65% Polyester  35% Wool;;Woman;38;8434525643800;AW26-757U100000381;1;55,2;55,00;55,00;0;EUR
3217909;2026-02-08 13:40:53;Open for brand;FW26;Tinycottons;Counter Team;AW26 Woman;Pants;Check Pants;AW26-757;CHECK PANTS U10;AW26-757 Check Pants Umber 34;65% Polyester  35% Wool;;Woman;40;8434525643817;AW26-757U100000401;1;55,2;55,00;55,00;0;EUR
3217909;2026-02-08 13:40:53;Open for brand;FW26;Tinycottons;Counter Team;AW26 Woman;Pants;Check Pants;AW26-757;CHECK PANTS U10;AW26-757 Check Pants Umber 34;65% Polyester  35% Wool;;Woman;42;8434525643824;AW26-757U100000421;1;55,2;55,00;55,00;0;EUR
3217909;2026-02-08 13:40:53;Open for brand;FW26;Tinycottons;Counter Team;AW26 Woman;Skirts;Check Bias Cut Skirt;AW26-719;CHECK BIAS CUT SKIRT U24;AW26-719 Check Bias Cut Skirt Deep Blue/Dark Green 34;45% Viscose  32% Rayon  23% Lyocell;;Woman;36;8434525641691;AW26-719U240000361;1;62,6;62,00;62,00;0;EUR
3217909;2026-02-08 13:40:53;Open for brand;FW26;Tinycottons;Counter Team;AW26 Woman;Skirts;Check Bias Cut Skirt;AW26-719;CHECK BIAS CUT SKIRT U24;AW26-719 Check Bias Cut Skirt Deep Blue/Dark Green 34;45% Viscose  32% Rayon  23% Lyocell;;Woman;38;8434525641707;AW26-719U240000381;1;62,6;62,00;62,00;0;EUR
3217909;2026-02-08 13:40:53;Open for brand;FW26;Tinycottons;Counter Team;AW26 Woman;Skirts;Check Bias Cut Skirt;AW26-719;CHECK BIAS CUT SKIRT U24;AW26-719 Check Bias Cut Skirt Deep Blue/Dark Green 34;45% Viscose  32% Rayon  23% Lyocell;;Woman;40;8434525641714;AW26-719U240000401;1;62,6;62,00;62,00;0;EUR
3217909;2026-02-08 13:40:53;Open for brand;FW26;Tinycottons;Counter Team;AW26 Woman;Skirts;Check Bias Cut Skirt;AW26-719;CHECK BIAS CUT SKIRT U24;AW26-719 Check Bias Cut Skirt Deep Blue/Dark Green 34;45% Viscose  32% Rayon  23% Lyocell;;Woman;42;8434525641721;AW26-719U240000421;1;62,6;62,00;62,00;0;EUR
3217909;2026-02-08 13:40:53;Open for brand;FW26;Tinycottons;Counter Team;AW26 Woman;Sweaters & Cardigans;Check Scarf Neck Lara Cardigan;AW26-678;CHECK SCARF NECK LARA CARDIGAN U05;AW26-678 Check Scarf Neck Lara Cardigan Ink Blue 34;100% Extrafine Merino Wool;;Woman;36;8434525639902;AW26-678U050000361;1;51,5;51,00;51,00;0;EUR
3217909;2026-02-08 13:40:53;Open for brand;FW26;Tinycottons;Counter Team;AW26 Woman;Sweaters & Cardigans;Check Scarf Neck Lara Cardigan;AW26-678;CHECK SCARF NECK LARA CARDIGAN U05;AW26-678 Check Scarf Neck Lara Cardigan Ink Blue 34;100% Extrafine Merino Wool;;Woman;38;8434525639919;AW26-678U050000381;1;51,5;51,00;51,00;0;EUR
3217909;2026-02-08 13:40:53;Open for brand;FW26;Tinycottons;Counter Team;AW26 Woman;Sweaters & Cardigans;Check Scarf Neck Lara Cardigan;AW26-678;CHECK SCARF NECK LARA CARDIGAN U05;AW26-678 Check Scarf Neck Lara Cardigan Ink Blue 34;100% Extrafine Merino Wool;;Woman;40;8434525639926;AW26-678U050000401;1;51,5;51,00;51,00;0;EUR
3217909;2026-02-08 13:40:53;Open for brand;FW26;Tinycottons;Counter Team;AW26 Woman;Sweaters & Cardigans;Check Scarf Neck Lara Cardigan;AW26-678;CHECK SCARF NECK LARA CARDIGAN U05;AW26-678 Check Scarf Neck Lara Cardigan Ink Blue 34;100% Extrafine Merino Wool;;Woman;42;8434525639933;AW26-678U050000421;1;51,5;51,00;51,00;0;EUR
3217909;2026-02-08 13:40:53;Open for brand;FW26;Tinycottons;Counter Team;AW26 Woman;Outerwear;Long Check Coat;AW26-604;LONG CHECK COAT 107;AW26-604 Long Check Coat Navy 34;70% Wool  30% Polyester;;Woman;36;8434525636765;AW26-6041070000361;1;110,7;110,00;110,00;0;EUR
3217909;2026-02-08 13:40:53;Open for brand;FW26;Tinycottons;Counter Team;AW26 Woman;Outerwear;Long Check Coat;AW26-604;LONG CHECK COAT 107;AW26-604 Long Check Coat Navy 34;70% Wool  30% Polyester;;Woman;38;8434525636772;AW26-6041070000381;1;110,7;110,00;110,00;0;EUR
3217909;2026-02-08 13:40:53;Open for brand;FW26;Tinycottons;Counter Team;AW26 Woman;Outerwear;Long Check Coat;AW26-604;LONG CHECK COAT 107;AW26-604 Long Check Coat Navy 34;70% Wool  30% Polyester;;Woman;40;8434525636789;AW26-6041070000401;1;110,7;110,00;110,00;0;EUR
3217909;2026-02-08 13:40:53;Open for brand;FW26;Tinycottons;Counter Team;AW26 Woman;Outerwear;Long Check Coat;AW26-604;LONG CHECK COAT 107;AW26-604 Long Check Coat Navy 34;70% Wool  30% Polyester;;Woman;42;8434525636796;AW26-6041070000421;1;110,7;110,00;110,00;0;EUR
3217909;2026-02-08 13:40:53;Open for brand;FW26;Tinycottons;Counter Team;AW26 Woman;Sweaters & Cardigans;Buttoned Cardigan;AW26-734;Buttoned Cardigan 107;AW26-734 Buttoned Cardigan Navy 34;100% Merino Wool;;Woman;36;8434525641141;AW26-7341070000361;1;47,8;47,00;47,00;0;EUR
3217909;2026-02-08 13:40:53;Open for brand;FW26;Tinycottons;Counter Team;AW26 Woman;Sweaters & Cardigans;Buttoned Cardigan;AW26-734;Buttoned Cardigan 107;AW26-734 Buttoned Cardigan Navy 34;100% Merino Wool;;Woman;38;8434525641158;AW26-7341070000381;1;47,8;47,00;47,00;0;EUR
3217909;2026-02-08 13:40:53;Open for brand;FW26;Tinycottons;Counter Team;AW26 Woman;Sweaters & Cardigans;Buttoned Cardigan;AW26-734;Buttoned Cardigan 107;AW26-734 Buttoned Cardigan Navy 34;100% Merino Wool;;Woman;40;8434525641165;AW26-7341070000401;1;47,8;47,00;47,00;0;EUR
3217909;2026-02-08 13:40:53;Open for brand;FW26;Tinycottons;Counter Team;AW26 Woman;Sweaters & Cardigans;Buttoned Cardigan;AW26-734;Buttoned Cardigan 107;AW26-734 Buttoned Cardigan Navy 34;100% Merino Wool;;Woman;42;8434525641172;AW26-7341070000421;1;47,8;47,00;47,00;0;EUR
3217909;2026-02-08 13:40:53;Open for brand;FW26;Tinycottons;Counter Team;AW26 Woman;Skirts;Check Skirt;AW26-764;CHECK SKIRT 107;AW26-764 Check Skirt Navy 34;50% Wool  50% Polyester;;Woman;38;8434525644104;AW26-7641070000381;1;66,3;66,00;66,00;0;EUR
3217909;2026-02-08 13:40:53;Open for brand;FW26;Tinycottons;Counter Team;AW26 Woman;Outerwear;Embroidered Coat;AW26-609;EMBROIDERED COAT U04;AW26-609 Embroidered Coat Dark Red 34;50% Wool  50% Polyester;;Woman;34;8434525636901;AW26-609U040000341;1;92,2;92,00;92,00;0;EUR
3217909;2026-02-08 13:40:53;Open for brand;FW26;Tinycottons;Counter Team;AW26 Woman;Outerwear;Embroidered Coat;AW26-609;EMBROIDERED COAT U04;AW26-609 Embroidered Coat Dark Red 34;50% Wool  50% Polyester;;Woman;36;8434525636918;AW26-609U040000361;1;92,2;92,00;92,00;0;EUR
3217909;2026-02-08 13:40:53;Open for brand;FW26;Tinycottons;Counter Team;AW26 Woman;Outerwear;Embroidered Coat;AW26-609;EMBROIDERED COAT U04;AW26-609 Embroidered Coat Dark Red 34;50% Wool  50% Polyester;;Woman;38;8434525636925;AW26-609U040000381;1;92,2;92,00;92,00;0;EUR
3217909;2026-02-08 13:40:53;Open for brand;FW26;Tinycottons;Counter Team;AW26 Woman;Outerwear;Embroidered Coat;AW26-609;EMBROIDERED COAT U04;AW26-609 Embroidered Coat Dark Red 34;50% Wool  50% Polyester;;Woman;40;8434525636932;AW26-609U040000401;1;92,2;92,00;92,00;0;EUR
3217909;2026-02-08 13:40:53;Open for brand;FW26;Tinycottons;Counter Team;AW26 Woman;Pants;Corduroy Side Panels Berta;AW26-769;CORDUROY SIDE PANELS BERTA M01;AW26-769 Corduroy Side Panels Berta Vanilla 34;100% Cotton;;Woman;36;8434525644548;AW26-769M010000361;1;36,7;36,00;36,00;0;EUR
3217909;2026-02-08 13:40:53;Open for brand;FW26;Tinycottons;Counter Team;AW26 Woman;Pants;Corduroy Side Panels Berta;AW26-769;CORDUROY SIDE PANELS BERTA M01;AW26-769 Corduroy Side Panels Berta Vanilla 34;100% Cotton;;Woman;38;8434525644555;AW26-769M010000381;1;36,7;36,00;36,00;0;EUR
3217909;2026-02-08 13:40:53;Open for brand;FW26;Tinycottons;Counter Team;AW26 Woman;Pants;Corduroy Side Panels Berta;AW26-769;CORDUROY SIDE PANELS BERTA M01;AW26-769 Corduroy Side Panels Berta Vanilla 34;100% Cotton;;Woman;40;8434525644562;AW26-769M010000401;1;36,7;36,00;36,00;0;EUR
3217909;2026-02-08 13:40:53;Open for brand;FW26;Tinycottons;Counter Team;AW26 Woman;Pants;Corduroy Side Panels Berta;AW26-769;CORDUROY SIDE PANELS BERTA M01;AW26-769 Corduroy Side Panels Berta Vanilla 34;100% Cotton;;Woman;42;8434525644579;AW26-769M010000421;1;36,7;36,00;36,00;0;EUR
3217909;2026-02-08 13:40:53;Open for brand;FW26;Tinycottons;Counter Team;AW26 Woman;Sweaters & Cardigans;Frank Striped Polo;AW26-844;FRANK STRIPED POLO U45;AW26-844 Frank Striped Polo Grey/Summer Red 34;100% Merino Wool;;Woman;36;8434525648928;AW26-844U450000361;1;51,5;51,00;51,00;0;EUR
3217909;2026-02-08 13:40:53;Open for brand;FW26;Tinycottons;Counter Team;AW26 Woman;Sweaters & Cardigans;Frank Striped Polo;AW26-844;FRANK STRIPED POLO U45;AW26-844 Frank Striped Polo Grey/Summer Red 34;100% Merino Wool;;Woman;38;8434525648935;AW26-844U450000381;1;51,5;51,00;51,00;0;EUR
3217909;2026-02-08 13:40:53;Open for brand;FW26;Tinycottons;Counter Team;AW26 Woman;Sweaters & Cardigans;Frank Striped Polo;AW26-844;FRANK STRIPED POLO U45;AW26-844 Frank Striped Polo Grey/Summer Red 34;100% Merino Wool;;Woman;40;8434525648942;AW26-844U450000401;1;51,5;51,00;51,00;0;EUR
3217909;2026-02-08 13:40:53;Open for brand;FW26;Tinycottons;Counter Team;AW26 Woman;Sweaters & Cardigans;Frank Striped Polo;AW26-844;FRANK STRIPED POLO U45;AW26-844 Frank Striped Polo Grey/Summer Red 34;100% Merino Wool;;Woman;42;8434525648959;AW26-844U450000421;1;51,5;51,00;51,00;0;EUR
3217909;2026-02-08 13:40:53;Open for brand;FW26;Tinycottons;Counter Team;AW26 Woman;Outerwear;Roses Grid Sherpa Jacket;AW26-650;ROSES GRID SHERPA JACKET 103;AW26-650 Roses Grid Sherpa Jacket Light Cream 34;100% Polyester;;Woman;36;8434525638226;AW26-6501030000361;1;73,7;73,00;73,00;0;EUR
3217909;2026-02-08 13:40:53;Open for brand;FW26;Tinycottons;Counter Team;AW26 Woman;Outerwear;Roses Grid Sherpa Jacket;AW26-650;ROSES GRID SHERPA JACKET 103;AW26-650 Roses Grid Sherpa Jacket Light Cream 34;100% Polyester;;Woman;38;8434525638233;AW26-6501030000381;1;73,7;73,00;73,00;0;EUR
3217909;2026-02-08 13:40:53;Open for brand;FW26;Tinycottons;Counter Team;AW26 Woman;Outerwear;Roses Grid Sherpa Jacket;AW26-650;ROSES GRID SHERPA JACKET 103;AW26-650 Roses Grid Sherpa Jacket Light Cream 34;100% Polyester;;Woman;40;8434525638240;AW26-6501030000401;1;73,7;73,00;73,00;0;EUR
3217909;2026-02-08 13:40:53;Open for brand;FW26;Tinycottons;Counter Team;AW26 Woman;Outerwear;Roses Grid Sherpa Jacket;AW26-650;ROSES GRID SHERPA JACKET 103;AW26-650 Roses Grid Sherpa Jacket Light Cream 34;100% Polyester;;Woman;42;8434525638257;AW26-6501030000421;1;73,7;73,00;73,00;0;EUR
3217909;2026-02-08 13:40:53;Open for brand;FW26;Tinycottons;Counter Team;AW26 Woman;Sweaters & Cardigans;Check Cardigan;AW26-699;CHECK CARDIGAN M01;AW26-699 Check Cardigan Vanilla 34;100% Merino Wool;;Woman;36;8434525640809;AW26-699M010000361;1;73,7;73,00;73,00;0;EUR
3217909;2026-02-08 13:40:53;Open for brand;FW26;Tinycottons;Counter Team;AW26 Woman;Sweaters & Cardigans;Check Cardigan;AW26-699;CHECK CARDIGAN M01;AW26-699 Check Cardigan Vanilla 34;100% Merino Wool;;Woman;38;8434525640816;AW26-699M010000381;1;73,7;73,00;73,00;0;EUR
3217909;2026-02-08 13:40:53;Open for brand;FW26;Tinycottons;Counter Team;AW26 Woman;Sweaters & Cardigans;Check Cardigan;AW26-699;CHECK CARDIGAN M01;AW26-699 Check Cardigan Vanilla 34;100% Merino Wool;;Woman;40;8434525640823;AW26-699M010000401;1;73,7;73,00;73,00;0;EUR
3217909;2026-02-08 13:40:53;Open for brand;FW26;Tinycottons;Counter Team;AW26 Woman;Sweaters & Cardigans;Check Cardigan;AW26-699;CHECK CARDIGAN M01;AW26-699 Check Cardigan Vanilla 34;100% Merino Wool;;Woman;42;8434525640830;AW26-699M010000421;1;73,7;73,00;73,00;0;EUR
3217909;2026-02-08 13:40:53;Open for brand;FW26;Tinycottons;Counter Team;AW26 Woman;Scarves & Kerchiefs;Check Scarf;AW26-700;CHECK SCARF M01;AW26-700 Check Scarf Vanilla O/S;100% Merino Wool;;One Size;O/S;8434525640847;AW26-700M01000O/S1;3;44,1;132,00;132,00;0;EUR
3217909;2026-02-08 13:40:53;Open for brand;FW26;Tinycottons;Counter Team;AW26 Woman;Shirts & Blouses;Check Bow Neck Shirt;AW26-726;CHECK BOW NECK SHIRT 107;AW26-726 Check Bow Neck Shirt Navy 34;100% Cotton;;Woman;36;8434525642049;AW26-7261070000361;1;47,8;47,00;47,00;0;EUR
3217909;2026-02-08 13:40:53;Open for brand;FW26;Tinycottons;Counter Team;AW26 Woman;Shirts & Blouses;Check Bow Neck Shirt;AW26-726;CHECK BOW NECK SHIRT 107;AW26-726 Check Bow Neck Shirt Navy 34;100% Cotton;;Woman;38;8434525642056;AW26-7261070000381;1;47,8;47,00;47,00;0;EUR
3217909;2026-02-08 13:40:53;Open for brand;FW26;Tinycottons;Counter Team;AW26 Woman;Shirts & Blouses;Check Bow Neck Shirt;AW26-726;CHECK BOW NECK SHIRT 107;AW26-726 Check Bow Neck Shirt Navy 34;100% Cotton;;Woman;40;8434525642063;AW26-7261070000401;1;47,8;47,00;47,00;0;EUR
3217909;2026-02-08 13:40:53;Open for brand;FW26;Tinycottons;Counter Team;AW26 Woman;Shirts & Blouses;Check Bow Neck Shirt;AW26-726;CHECK BOW NECK SHIRT 107;AW26-726 Check Bow Neck Shirt Navy 34;100% Cotton;;Woman;42;8434525642070;AW26-7261070000421;1;47,8;47,00;47,00;0;EUR