"Order id";"Date";"Status";"Season";"Brand name";"Brand sales person";"Collection";"Category";"Product name";"Product reference";"Color name";"Description";"Composition";"Fabric / print";"Size family name";"Size name";"EAN13";"SKU";"Quantity";"Unit price";"Net amount";"Pre-discount amount";"Discount rate";"Currency"
"3215528";"2026-02-05 14:38:17";"Confirmed";"Pre-FW26";"Babe & Tess";"Chaparal The One and Only";"FW 26";"Teddy";"Annuska jacket";"10.648047";"091MELANZANA";"Annuska jacket";"100% PL";"";"1M,3A,3M,4A,5A,6A,6M,8A,9M,10A,12A,12M,18M,24M";"3M";"";"";"1";"30";"30,00";"30,00";"0";"EUR"
"3215528";"2026-02-05 14:38:17";"Confirmed";"Pre-FW26";"Babe & Tess";"Chaparal The One and Only";"FW 26";"Teddy";"Annuska jacket";"10.648047";"091MELANZANA";"Annuska jacket";"100% PL";"";"1M,3A,3M,4A,5A,6A,6M,8A,9M,10A,12A,12M,18M,24M";"6M";"";"";"1";"30";"30,00";"30,00";"0";"EUR"
"3215528";"2026-02-05 14:38:17";"Confirmed";"Pre-FW26";"Babe & Tess";"Chaparal The One and Only";"FW 26";"Teddy";"Annuska jacket";"10.648047";"091MELANZANA";"Annuska jacket";"100% PL";"";"1M,3A,3M,4A,5A,6A,6M,8A,9M,10A,12A,12M,18M,24M";"9M";"";"";"1";"30";"30,00";"30,00";"0";"EUR"
"3215528";"2026-02-05 14:38:17";"Confirmed";"Pre-FW26";"Babe & Tess";"Chaparal The One and Only";"FW 26";"Teddy";"Annuska jacket";"10.648047";"091MELANZANA";"Annuska jacket";"100% PL";"";"1M,3A,3M,4A,5A,6A,6M,8A,9M,10A,12A,12M,18M,24M";"12M";"";"";"1";"30";"30,00";"30,00";"0";"EUR"
"3215528";"2026-02-05 14:38:17";"Confirmed";"Pre-FW26";"Babe & Tess";"Chaparal The One and Only";"FW 26";"Teddy";"Annuska jacket";"10.648047";"091MELANZANA";"Annuska jacket";"100% PL";"";"1M,3A,3M,4A,5A,6A,6M,8A,9M,10A,12A,12M,18M,24M";"18M";"";"";"1";"30";"30,00";"30,00";"0";"EUR"
"3215528";"2026-02-05 14:38:17";"Confirmed";"Pre-FW26";"Babe & Tess";"Chaparal The One and Only";"FW 26";"Velvet";"Isotta tutina";"17.648024";"049NATURALE";"Isotta tutina";"80%CO 20%Tencel";"";"1M-24M";"3M";"";"";"1";"43";"43,00";"43,00";"0";"EUR"
"3215528";"2026-02-05 14:38:17";"Confirmed";"Pre-FW26";"Babe & Tess";"Chaparal The One and Only";"FW 26";"Velvet";"Isotta tutina";"17.648024";"049NATURALE";"Isotta tutina";"80%CO 20%Tencel";"";"1M-24M";"6M";"";"";"1";"43";"43,00";"43,00";"0";"EUR"
"3215528";"2026-02-05 14:38:17";"Confirmed";"Pre-FW26";"Babe & Tess";"Chaparal The One and Only";"FW 26";"Velvet";"Isotta tutina";"17.648024";"049NATURALE";"Isotta tutina";"80%CO 20%Tencel";"";"1M-24M";"9M";"";"";"1";"43";"43,00";"43,00";"0";"EUR"
"3215528";"2026-02-05 14:38:17";"Confirmed";"Pre-FW26";"Babe & Tess";"Chaparal The One and Only";"FW 26";"Velvet";"Isotta tutina";"17.648024";"049NATURALE";"Isotta tutina";"80%CO 20%Tencel";"";"1M-24M";"12M";"";"";"1";"43";"43,00";"43,00";"0";"EUR"
"3215528";"2026-02-05 14:38:17";"Confirmed";"Pre-FW26";"Babe & Tess";"Chaparal The One and Only";"FW 26";"Check";"Tutina Chloè NO EMBROIDERY";"17.648060";"091MelanzanaCheck";"Tutina Chloè NO EMBROIDERY";"90%CO 10%PL";"";"1M-24M";"3M";"";"";"1";"36";"36,00";"36,00";"0";"EUR"
"3215528";"2026-02-05 14:38:17";"Confirmed";"Pre-FW26";"Babe & Tess";"Chaparal The One and Only";"FW 26";"Check";"Tutina Chloè NO EMBROIDERY";"17.648060";"091MelanzanaCheck";"Tutina Chloè NO EMBROIDERY";"90%CO 10%PL";"";"1M-24M";"6M";"";"";"1";"36";"36,00";"36,00";"0";"EUR"
"3215528";"2026-02-05 14:38:17";"Confirmed";"Pre-FW26";"Babe & Tess";"Chaparal The One and Only";"FW 26";"Check";"Tutina Chloè NO EMBROIDERY";"17.648060";"091MelanzanaCheck";"Tutina Chloè NO EMBROIDERY";"90%CO 10%PL";"";"1M-24M";"9M";"";"";"1";"36";"36,00";"36,00";"0";"EUR"
"3215528";"2026-02-05 14:38:17";"Confirmed";"Pre-FW26";"Babe & Tess";"Chaparal The One and Only";"FW 26";"Check";"Tutina Chloè NO EMBROIDERY";"17.648060";"091MelanzanaCheck";"Tutina Chloè NO EMBROIDERY";"90%CO 10%PL";"";"1M-24M";"12M";"";"";"1";"36";"36,00";"36,00";"0";"EUR"
"3215528";"2026-02-05 14:38:17";"Confirmed";"Pre-FW26";"Babe & Tess";"Chaparal The One and Only";"FW 26";"Warm Cotton";"Adele tutina";"17.648090";"049NATURALE";"Adele tutina";"70%CO 20%PC 3%VI 3%PL 2%PA 2%EA";"";"1M-24M";"3M";"";"";"1";"30";"30,00";"30,00";"0";"EUR"
"3215528";"2026-02-05 14:38:17";"Confirmed";"Pre-FW26";"Babe & Tess";"Chaparal The One and Only";"FW 26";"Warm Cotton";"Adele tutina";"17.648090";"049NATURALE";"Adele tutina";"70%CO 20%PC 3%VI 3%PL 2%PA 2%EA";"";"1M-24M";"6M";"";"";"1";"30";"30,00";"30,00";"0";"EUR"
"3215528";"2026-02-05 14:38:17";"Confirmed";"Pre-FW26";"Babe & Tess";"Chaparal The One and Only";"FW 26";"Warm Cotton";"Adele tutina";"17.648090";"049NATURALE";"Adele tutina";"70%CO 20%PC 3%VI 3%PL 2%PA 2%EA";"";"1M-24M";"9M";"";"";"1";"30";"30,00";"30,00";"0";"EUR"
"3215528";"2026-02-05 14:38:17";"Confirmed";"Pre-FW26";"Babe & Tess";"Chaparal The One and Only";"FW 26";"Warm Cotton";"Adele tutina";"17.648090";"049NATURALE";"Adele tutina";"70%CO 20%PC 3%VI 3%PL 2%PA 2%EA";"";"1M-24M";"12M";"";"";"1";"30";"30,00";"30,00";"0";"EUR"
"3215528";"2026-02-05 14:38:17";"Confirmed";"Pre-FW26";"Babe & Tess";"Chaparal The One and Only";"FW 26";"Luxury Cotton";"Geraldine winter dress";"01.648124";"067Malva";"Geraldine winter dress";"100% CO";"";"1M,3A,3M,4A,5A,6A,6M,8A,9M,10A,12A,12M,18M,24M";"24M";"";"";"1";"44";"44,00";"44,00";"0";"EUR"
"3215528";"2026-02-05 14:38:17";"Confirmed";"Pre-FW26";"Babe & Tess";"Chaparal The One and Only";"FW 26";"Luxury Cotton";"Geraldine winter dress";"01.648124";"067Malva";"Geraldine winter dress";"100% CO";"";"1M,3A,3M,4A,5A,6A,6M,8A,9M,10A,12A,12M,18M,24M";"3A";"";"";"1";"47";"47,00";"47,00";"0";"EUR"
"3215528";"2026-02-05 14:38:17";"Confirmed";"Pre-FW26";"Babe & Tess";"Chaparal The One and Only";"FW 26";"Luxury Cotton";"Geraldine winter dress";"01.648124";"067Malva";"Geraldine winter dress";"100% CO";"";"1M,3A,3M,4A,5A,6A,6M,8A,9M,10A,12A,12M,18M,24M";"4A";"";"";"1";"47";"47,00";"47,00";"0";"EUR"
"3215528";"2026-02-05 14:38:17";"Confirmed";"Pre-FW26";"Babe & Tess";"Chaparal The One and Only";"FW 26";"Luxury Cotton";"Geraldine winter dress";"01.648124";"067Malva";"Geraldine winter dress";"100% CO";"";"1M,3A,3M,4A,5A,6A,6M,8A,9M,10A,12A,12M,18M,24M";"5A";"";"";"1";"47";"47,00";"47,00";"0";"EUR"
"3215528";"2026-02-05 14:38:17";"Confirmed";"Pre-FW26";"Babe & Tess";"Chaparal The One and Only";"FW 26";"Luxury Cotton";"Geraldine winter dress";"01.648124";"067Malva";"Geraldine winter dress";"100% CO";"";"1M,3A,3M,4A,5A,6A,6M,8A,9M,10A,12A,12M,18M,24M";"6A";"";"";"1";"47";"47,00";"47,00";"0";"EUR"
"3215528";"2026-02-05 14:38:17";"Confirmed";"Pre-FW26";"Babe & Tess";"Chaparal The One and Only";"FW 26";"Luxury Cotton";"Geraldine winter dress";"01.648124";"067Malva";"Geraldine winter dress";"100% CO";"";"1M,3A,3M,4A,5A,6A,6M,8A,9M,10A,12A,12M,18M,24M";"8A";"";"";"1";"47";"47,00";"47,00";"0";"EUR"
"3215528";"2026-02-05 14:38:17";"Confirmed";"Pre-FW26";"Babe & Tess";"Chaparal The One and Only";"FW 26";"Velvet";"Isotta dress";"01.648012";"049NATURALE";"Isotta dress";"80%CO 20%Tencel";"";"1M,3A,3M,4A,5A,6A,6M,8A,9M,10A,12A,12M,18M,24M";"24M";"";"";"1";"47";"47,00";"47,00";"0";"EUR"
"3215528";"2026-02-05 14:38:17";"Confirmed";"Pre-FW26";"Babe & Tess";"Chaparal The One and Only";"FW 26";"Velvet";"Isotta dress";"01.648012";"049NATURALE";"Isotta dress";"80%CO 20%Tencel";"";"1M,3A,3M,4A,5A,6A,6M,8A,9M,10A,12A,12M,18M,24M";"3A";"";"";"1";"52";"52,00";"52,00";"0";"EUR"
"3215528";"2026-02-05 14:38:17";"Confirmed";"Pre-FW26";"Babe & Tess";"Chaparal The One and Only";"FW 26";"Velvet";"Isotta dress";"01.648012";"049NATURALE";"Isotta dress";"80%CO 20%Tencel";"";"1M,3A,3M,4A,5A,6A,6M,8A,9M,10A,12A,12M,18M,24M";"4A";"";"";"1";"52";"52,00";"52,00";"0";"EUR"
"3215528";"2026-02-05 14:38:17";"Confirmed";"Pre-FW26";"Babe & Tess";"Chaparal The One and Only";"FW 26";"Velvet";"Isotta dress";"01.648012";"049NATURALE";"Isotta dress";"80%CO 20%Tencel";"";"1M,3A,3M,4A,5A,6A,6M,8A,9M,10A,12A,12M,18M,24M";"5A";"";"";"1";"52";"52,00";"52,00";"0";"EUR"
"3215528";"2026-02-05 14:38:17";"Confirmed";"Pre-FW26";"Babe & Tess";"Chaparal The One and Only";"FW 26";"Velvet";"Isotta dress";"01.648012";"049NATURALE";"Isotta dress";"80%CO 20%Tencel";"";"1M,3A,3M,4A,5A,6A,6M,8A,9M,10A,12A,12M,18M,24M";"6A";"";"";"1";"52";"52,00";"52,00";"0";"EUR"
"3215528";"2026-02-05 14:38:17";"Confirmed";"Pre-FW26";"Babe & Tess";"Chaparal The One and Only";"FW 26";"Velvet";"Isotta dress";"01.648012";"049NATURALE";"Isotta dress";"80%CO 20%Tencel";"";"1M,3A,3M,4A,5A,6A,6M,8A,9M,10A,12A,12M,18M,24M";"8A";"";"";"1";"52";"52,00";"52,00";"0";"EUR"
"3215528";"2026-02-05 14:38:17";"Confirmed";"Pre-FW26";"Babe & Tess";"Chaparal The One and Only";"FW 26";"Teddy";"Hood teddy";"10.648137";"091MELANZANA";"Hood teddy";"100% PL";"";"1M,3A,3M,4A,5A,6A,6M,8A,9M,10A,12A,12M,18M,24M";"24M";"";"";"1";"45";"45,00";"45,00";"0";"EUR"
"3215528";"2026-02-05 14:38:17";"Confirmed";"Pre-FW26";"Babe & Tess";"Chaparal The One and Only";"FW 26";"Teddy";"Hood teddy";"10.648137";"091MELANZANA";"Hood teddy";"100% PL";"";"1M,3A,3M,4A,5A,6A,6M,8A,9M,10A,12A,12M,18M,24M";"3A";"";"";"1";"48";"48,00";"48,00";"0";"EUR"
"3215528";"2026-02-05 14:38:17";"Confirmed";"Pre-FW26";"Babe & Tess";"Chaparal The One and Only";"FW 26";"Teddy";"Hood teddy";"10.648137";"091MELANZANA";"Hood teddy";"100% PL";"";"1M,3A,3M,4A,5A,6A,6M,8A,9M,10A,12A,12M,18M,24M";"4A";"";"";"1";"48";"48,00";"48,00";"0";"EUR"
"3215528";"2026-02-05 14:38:17";"Confirmed";"Pre-FW26";"Babe & Tess";"Chaparal The One and Only";"FW 26";"Teddy";"Hood teddy";"10.648137";"091MELANZANA";"Hood teddy";"100% PL";"";"1M,3A,3M,4A,5A,6A,6M,8A,9M,10A,12A,12M,18M,24M";"5A";"";"";"1";"48";"48,00";"48,00";"0";"EUR"
"3215528";"2026-02-05 14:38:17";"Confirmed";"Pre-FW26";"Babe & Tess";"Chaparal The One and Only";"FW 26";"Teddy";"Hood teddy";"10.648137";"091MELANZANA";"Hood teddy";"100% PL";"";"1M,3A,3M,4A,5A,6A,6M,8A,9M,10A,12A,12M,18M,24M";"6A";"";"";"1";"48";"48,00";"48,00";"0";"EUR"
"3215528";"2026-02-05 14:38:17";"Confirmed";"Pre-FW26";"Babe & Tess";"Chaparal The One and Only";"FW 26";"Teddy";"Hood teddy";"10.648137";"091MELANZANA";"Hood teddy";"100% PL";"";"1M,3A,3M,4A,5A,6A,6M,8A,9M,10A,12A,12M,18M,24M";"8A";"";"";"1";"48";"48,00";"48,00";"0";"EUR"
"3215528";"2026-02-05 14:38:17";"Confirmed";"Pre-FW26";"Babe & Tess";"Chaparal The One and Only";"FW 26";"Warm Cotton";"Arianna dress";"01.648041";"091MELANZANA";"Arianna dress";"70%CO 20%PC 3%VI 3%PL 2%PA 2%EA";"";"1M,3A,3M,4A,5A,6A,6M,8A,9M,10A,12A,12M,18M,24M";"24M";"";"";"1";"31";"31,00";"31,00";"0";"EUR"
"3215528";"2026-02-05 14:38:17";"Confirmed";"Pre-FW26";"Babe & Tess";"Chaparal The One and Only";"FW 26";"Warm Cotton";"Arianna dress";"01.648041";"091MELANZANA";"Arianna dress";"70%CO 20%PC 3%VI 3%PL 2%PA 2%EA";"";"1M,3A,3M,4A,5A,6A,6M,8A,9M,10A,12A,12M,18M,24M";"3A";"";"";"1";"34";"34,00";"34,00";"0";"EUR"
"3215528";"2026-02-05 14:38:17";"Confirmed";"Pre-FW26";"Babe & Tess";"Chaparal The One and Only";"FW 26";"Warm Cotton";"Arianna dress";"01.648041";"091MELANZANA";"Arianna dress";"70%CO 20%PC 3%VI 3%PL 2%PA 2%EA";"";"1M,3A,3M,4A,5A,6A,6M,8A,9M,10A,12A,12M,18M,24M";"4A";"";"";"1";"34";"34,00";"34,00";"0";"EUR"
"3215528";"2026-02-05 14:38:17";"Confirmed";"Pre-FW26";"Babe & Tess";"Chaparal The One and Only";"FW 26";"Warm Cotton";"Arianna dress";"01.648041";"091MELANZANA";"Arianna dress";"70%CO 20%PC 3%VI 3%PL 2%PA 2%EA";"";"1M,3A,3M,4A,5A,6A,6M,8A,9M,10A,12A,12M,18M,24M";"5A";"";"";"1";"34";"34,00";"34,00";"0";"EUR"
"3215528";"2026-02-05 14:38:17";"Confirmed";"Pre-FW26";"Babe & Tess";"Chaparal The One and Only";"FW 26";"Warm Cotton";"Arianna dress";"01.648041";"091MELANZANA";"Arianna dress";"70%CO 20%PC 3%VI 3%PL 2%PA 2%EA";"";"1M,3A,3M,4A,5A,6A,6M,8A,9M,10A,12A,12M,18M,24M";"6A";"";"";"1";"34";"34,00";"34,00";"0";"EUR"
"3215528";"2026-02-05 14:38:17";"Confirmed";"Pre-FW26";"Babe & Tess";"Chaparal The One and Only";"FW 26";"Warm Cotton";"Arianna dress";"01.648041";"091MELANZANA";"Arianna dress";"70%CO 20%PC 3%VI 3%PL 2%PA 2%EA";"";"1M,3A,3M,4A,5A,6A,6M,8A,9M,10A,12A,12M,18M,24M";"8A";"";"";"1";"34";"34,00";"34,00";"0";"EUR"
"3215528";"2026-02-05 14:38:17";"Confirmed";"Pre-FW26";"Babe & Tess";"Chaparal The One and Only";"FW 26";"Knit";"Flower knit";"59.648117";"091MELANZANA";"Flower knit";"75%WP Alpaca 25%PA";"";"1M,3A,3M,4A,5A,6A,6M,8A,9M,10A,12A,12M,18M,24M";"24M";"";"";"1";"45";"45,00";"45,00";"0";"EUR"
"3215528";"2026-02-05 14:38:17";"Confirmed";"Pre-FW26";"Babe & Tess";"Chaparal The One and Only";"FW 26";"Knit";"Flower knit";"59.648117";"091MELANZANA";"Flower knit";"75%WP Alpaca 25%PA";"";"1M,3A,3M,4A,5A,6A,6M,8A,9M,10A,12A,12M,18M,24M";"3A";"";"";"1";"48";"48,00";"48,00";"0";"EUR"
"3215528";"2026-02-05 14:38:17";"Confirmed";"Pre-FW26";"Babe & Tess";"Chaparal The One and Only";"FW 26";"Knit";"Flower knit";"59.648117";"091MELANZANA";"Flower knit";"75%WP Alpaca 25%PA";"";"1M,3A,3M,4A,5A,6A,6M,8A,9M,10A,12A,12M,18M,24M";"4A";"";"";"1";"48";"48,00";"48,00";"0";"EUR"
"3215528";"2026-02-05 14:38:17";"Confirmed";"Pre-FW26";"Babe & Tess";"Chaparal The One and Only";"FW 26";"Knit";"Flower knit";"59.648117";"091MELANZANA";"Flower knit";"75%WP Alpaca 25%PA";"";"1M,3A,3M,4A,5A,6A,6M,8A,9M,10A,12A,12M,18M,24M";"5A";"";"";"1";"48";"48,00";"48,00";"0";"EUR"
"3215528";"2026-02-05 14:38:17";"Confirmed";"Pre-FW26";"Babe & Tess";"Chaparal The One and Only";"FW 26";"Knit";"Flower knit";"59.648117";"091MELANZANA";"Flower knit";"75%WP Alpaca 25%PA";"";"1M,3A,3M,4A,5A,6A,6M,8A,9M,10A,12A,12M,18M,24M";"6A";"";"";"1";"48";"48,00";"48,00";"0";"EUR"
"3215528";"2026-02-05 14:38:17";"Confirmed";"Pre-FW26";"Babe & Tess";"Chaparal The One and Only";"FW 26";"Knit";"Flower knit";"59.648117";"091MELANZANA";"Flower knit";"75%WP Alpaca 25%PA";"";"1M,3A,3M,4A,5A,6A,6M,8A,9M,10A,12A,12M,18M,24M";"8A";"";"";"1";"48";"48,00";"48,00";"0";"EUR"
"3215528";"2026-02-05 14:38:17";"Confirmed";"Pre-FW26";"Babe & Tess";"Chaparal The One and Only";"FW 26";"Jersey Babe";"T-shirt for girl";"09.648149";"049NATURALE";"T-shirt for girl";"100% CO";"";"1M,3A,3M,4A,5A,6A,6M,8A,9M,10A,12A,12M,18M,24M";"24M";"";"";"1";"21";"21,00";"21,00";"0";"EUR"
"3215528";"2026-02-05 14:38:17";"Confirmed";"Pre-FW26";"Babe & Tess";"Chaparal The One and Only";"FW 26";"Jersey Babe";"T-shirt for girl";"09.648149";"049NATURALE";"T-shirt for girl";"100% CO";"";"1M,3A,3M,4A,5A,6A,6M,8A,9M,10A,12A,12M,18M,24M";"3A";"";"";"1";"24";"24,00";"24,00";"0";"EUR"
"3215528";"2026-02-05 14:38:17";"Confirmed";"Pre-FW26";"Babe & Tess";"Chaparal The One and Only";"FW 26";"Jersey Babe";"T-shirt for girl";"09.648149";"049NATURALE";"T-shirt for girl";"100% CO";"";"1M,3A,3M,4A,5A,6A,6M,8A,9M,10A,12A,12M,18M,24M";"4A";"";"";"1";"24";"24,00";"24,00";"0";"EUR"
"3215528";"2026-02-05 14:38:17";"Confirmed";"Pre-FW26";"Babe & Tess";"Chaparal The One and Only";"FW 26";"Jersey Babe";"T-shirt for girl";"09.648149";"049NATURALE";"T-shirt for girl";"100% CO";"";"1M,3A,3M,4A,5A,6A,6M,8A,9M,10A,12A,12M,18M,24M";"5A";"";"";"1";"24";"24,00";"24,00";"0";"EUR"
"3215528";"2026-02-05 14:38:17";"Confirmed";"Pre-FW26";"Babe & Tess";"Chaparal The One and Only";"FW 26";"Jersey Babe";"T-shirt for girl";"09.648149";"049NATURALE";"T-shirt for girl";"100% CO";"";"1M,3A,3M,4A,5A,6A,6M,8A,9M,10A,12A,12M,18M,24M";"6A";"";"";"1";"24";"24,00";"24,00";"0";"EUR"
"3215528";"2026-02-05 14:38:17";"Confirmed";"Pre-FW26";"Babe & Tess";"Chaparal The One and Only";"FW 26";"Jersey Babe";"T-shirt for girl";"09.648149";"049NATURALE";"T-shirt for girl";"100% CO";"";"1M,3A,3M,4A,5A,6A,6M,8A,9M,10A,12A,12M,18M,24M";"8A";"";"";"1";"24";"24,00";"24,00";"0";"EUR"
"3215528";"2026-02-05 14:38:17";"Confirmed";"Pre-FW26";"Babe & Tess";"Chaparal The One and Only";"FW 26";"Velvet";"Colette pant";"04.648001";"091MELANZANA";"Colette pant";"80%CO 20%TN";"";"1M,3A,3M,4A,5A,6A,6M,8A,9M,10A,12A,12M,18M,24M";"24M";"";"";"1";"30";"30,00";"30,00";"0";"EUR"
"3215528";"2026-02-05 14:38:17";"Confirmed";"Pre-FW26";"Babe & Tess";"Chaparal The One and Only";"FW 26";"Velvet";"Colette pant";"04.648001";"091MELANZANA";"Colette pant";"80%CO 20%TN";"";"1M,3A,3M,4A,5A,6A,6M,8A,9M,10A,12A,12M,18M,24M";"3A";"";"";"1";"33";"33,00";"33,00";"0";"EUR"
"3215528";"2026-02-05 14:38:17";"Confirmed";"Pre-FW26";"Babe & Tess";"Chaparal The One and Only";"FW 26";"Velvet";"Colette pant";"04.648001";"091MELANZANA";"Colette pant";"80%CO 20%TN";"";"1M,3A,3M,4A,5A,6A,6M,8A,9M,10A,12A,12M,18M,24M";"4A";"";"";"1";"33";"33,00";"33,00";"0";"EUR"
"3215528";"2026-02-05 14:38:17";"Confirmed";"Pre-FW26";"Babe & Tess";"Chaparal The One and Only";"FW 26";"Velvet";"Colette pant";"04.648001";"091MELANZANA";"Colette pant";"80%CO 20%TN";"";"1M,3A,3M,4A,5A,6A,6M,8A,9M,10A,12A,12M,18M,24M";"5A";"";"";"1";"33";"33,00";"33,00";"0";"EUR"
"3215528";"2026-02-05 14:38:17";"Confirmed";"Pre-FW26";"Babe & Tess";"Chaparal The One and Only";"FW 26";"Velvet";"Colette pant";"04.648001";"091MELANZANA";"Colette pant";"80%CO 20%TN";"";"1M,3A,3M,4A,5A,6A,6M,8A,9M,10A,12A,12M,18M,24M";"6A";"";"";"1";"33";"33,00";"33,00";"0";"EUR"
"3215528";"2026-02-05 14:38:17";"Confirmed";"Pre-FW26";"Babe & Tess";"Chaparal The One and Only";"FW 26";"Velvet";"Colette pant";"04.648001";"091MELANZANA";"Colette pant";"80%CO 20%TN";"";"1M,3A,3M,4A,5A,6A,6M,8A,9M,10A,12A,12M,18M,24M";"8A";"";"";"1";"33";"33,00";"33,00";"0";"EUR"
"3215528";"2026-02-05 14:38:17";"Confirmed";"Pre-FW26";"Babe & Tess";"Chaparal The One and Only";"FW 26";"Knit";"Girocollo boy";"59.648118";"091MELANZANA";"Girocollo boy";"75%WP Alpaca 25%PA";"";"1M,3A,3M,4A,5A,6A,6M,8A,9M,10A,12A,12M,18M,24M";"24M";"";"";"1";"38";"38,00";"38,00";"0";"EUR"
"3215528";"2026-02-05 14:38:17";"Confirmed";"Pre-FW26";"Babe & Tess";"Chaparal The One and Only";"FW 26";"Knit";"Girocollo boy";"59.648118";"091MELANZANA";"Girocollo boy";"75%WP Alpaca 25%PA";"";"1M,3A,3M,4A,5A,6A,6M,8A,9M,10A,12A,12M,18M,24M";"3A";"";"";"1";"41";"41,00";"41,00";"0";"EUR"
"3215528";"2026-02-05 14:38:17";"Confirmed";"Pre-FW26";"Babe & Tess";"Chaparal The One and Only";"FW 26";"Knit";"Girocollo boy";"59.648118";"091MELANZANA";"Girocollo boy";"75%WP Alpaca 25%PA";"";"1M,3A,3M,4A,5A,6A,6M,8A,9M,10A,12A,12M,18M,24M";"4A";"";"";"1";"41";"41,00";"41,00";"0";"EUR"
"3215528";"2026-02-05 14:38:17";"Confirmed";"Pre-FW26";"Babe & Tess";"Chaparal The One and Only";"FW 26";"Knit";"Girocollo boy";"59.648118";"091MELANZANA";"Girocollo boy";"75%WP Alpaca 25%PA";"";"1M,3A,3M,4A,5A,6A,6M,8A,9M,10A,12A,12M,18M,24M";"5A";"";"";"1";"41";"41,00";"41,00";"0";"EUR"
"3215528";"2026-02-05 14:38:17";"Confirmed";"Pre-FW26";"Babe & Tess";"Chaparal The One and Only";"FW 26";"Knit";"Girocollo boy";"59.648118";"091MELANZANA";"Girocollo boy";"75%WP Alpaca 25%PA";"";"1M,3A,3M,4A,5A,6A,6M,8A,9M,10A,12A,12M,18M,24M";"6A";"";"";"1";"41";"41,00";"41,00";"0";"EUR"
"3215528";"2026-02-05 14:38:17";"Confirmed";"Pre-FW26";"Babe & Tess";"Chaparal The One and Only";"FW 26";"Knit";"Girocollo boy";"59.648118";"091MELANZANA";"Girocollo boy";"75%WP Alpaca 25%PA";"";"1M,3A,3M,4A,5A,6A,6M,8A,9M,10A,12A,12M,18M,24M";"8A";"";"";"1";"41";"41,00";"41,00";"0";"EUR"
"3215528";"2026-02-05 14:38:17";"Confirmed";"Pre-FW26";"Babe & Tess";"Chaparal The One and Only";"FW 26";"Jersey Babe";"Polo Boy";"34.648114";"002OffWhite";"Polo Boy";"100% CO";"";"1M,3A,3M,4A,5A,6A,6M,8A,9M,10A,12A,12M,18M,24M";"24M";"";"";"1";"25";"25,00";"25,00";"0";"EUR"
"3215528";"2026-02-05 14:38:17";"Confirmed";"Pre-FW26";"Babe & Tess";"Chaparal The One and Only";"FW 26";"Jersey Babe";"Polo Boy";"34.648114";"002OffWhite";"Polo Boy";"100% CO";"";"1M,3A,3M,4A,5A,6A,6M,8A,9M,10A,12A,12M,18M,24M";"3A";"";"";"1";"28";"28,00";"28,00";"0";"EUR"
"3215528";"2026-02-05 14:38:17";"Confirmed";"Pre-FW26";"Babe & Tess";"Chaparal The One and Only";"FW 26";"Jersey Babe";"Polo Boy";"34.648114";"002OffWhite";"Polo Boy";"100% CO";"";"1M,3A,3M,4A,5A,6A,6M,8A,9M,10A,12A,12M,18M,24M";"4A";"";"";"1";"28";"28,00";"28,00";"0";"EUR"
"3215528";"2026-02-05 14:38:17";"Confirmed";"Pre-FW26";"Babe & Tess";"Chaparal The One and Only";"FW 26";"Jersey Babe";"Polo Boy";"34.648114";"002OffWhite";"Polo Boy";"100% CO";"";"1M,3A,3M,4A,5A,6A,6M,8A,9M,10A,12A,12M,18M,24M";"5A";"";"";"1";"28";"28,00";"28,00";"0";"EUR"
"3215528";"2026-02-05 14:38:17";"Confirmed";"Pre-FW26";"Babe & Tess";"Chaparal The One and Only";"FW 26";"Jersey Babe";"Polo Boy";"34.648114";"002OffWhite";"Polo Boy";"100% CO";"";"1M,3A,3M,4A,5A,6A,6M,8A,9M,10A,12A,12M,18M,24M";"6A";"";"";"1";"28";"28,00";"28,00";"0";"EUR"
"3215528";"2026-02-05 14:38:17";"Confirmed";"Pre-FW26";"Babe & Tess";"Chaparal The One and Only";"FW 26";"Jersey Babe";"Polo Boy";"34.648114";"002OffWhite";"Polo Boy";"100% CO";"";"1M,3A,3M,4A,5A,6A,6M,8A,9M,10A,12A,12M,18M,24M";"8A";"";"";"1";"28";"28,00";"28,00";"0";"EUR"
"3215528";"2026-02-05 14:38:17";"Confirmed";"Pre-FW26";"Babe & Tess";"Chaparal The One and Only";"FW 26";"Velvet";"Giacomo pant";"04.648007";"005Ecrù";"Giacomo pant";"99%CO 1%EA";"";"1M,3A,3M,4A,5A,6A,6M,8A,9M,10A,12A,12M,18M,24M";"24M";"";"";"1";"30";"30,00";"30,00";"0";"EUR"
"3215528";"2026-02-05 14:38:17";"Confirmed";"Pre-FW26";"Babe & Tess";"Chaparal The One and Only";"FW 26";"Velvet";"Giacomo pant";"04.648007";"005Ecrù";"Giacomo pant";"99%CO 1%EA";"";"1M,3A,3M,4A,5A,6A,6M,8A,9M,10A,12A,12M,18M,24M";"3A";"";"";"1";"33";"33,00";"33,00";"0";"EUR"
"3215528";"2026-02-05 14:38:17";"Confirmed";"Pre-FW26";"Babe & Tess";"Chaparal The One and Only";"FW 26";"Velvet";"Giacomo pant";"04.648007";"005Ecrù";"Giacomo pant";"99%CO 1%EA";"";"1M,3A,3M,4A,5A,6A,6M,8A,9M,10A,12A,12M,18M,24M";"4A";"";"";"1";"33";"33,00";"33,00";"0";"EUR"
"3215528";"2026-02-05 14:38:17";"Confirmed";"Pre-FW26";"Babe & Tess";"Chaparal The One and Only";"FW 26";"Velvet";"Giacomo pant";"04.648007";"005Ecrù";"Giacomo pant";"99%CO 1%EA";"";"1M,3A,3M,4A,5A,6A,6M,8A,9M,10A,12A,12M,18M,24M";"5A";"";"";"1";"33";"33,00";"33,00";"0";"EUR"
"3215528";"2026-02-05 14:38:17";"Confirmed";"Pre-FW26";"Babe & Tess";"Chaparal The One and Only";"FW 26";"Velvet";"Giacomo pant";"04.648007";"005Ecrù";"Giacomo pant";"99%CO 1%EA";"";"1M,3A,3M,4A,5A,6A,6M,8A,9M,10A,12A,12M,18M,24M";"6A";"";"";"1";"33";"33,00";"33,00";"0";"EUR"
"3215528";"2026-02-05 14:38:17";"Confirmed";"Pre-FW26";"Babe & Tess";"Chaparal The One and Only";"FW 26";"Velvet";"Giacomo pant";"04.648007";"005Ecrù";"Giacomo pant";"99%CO 1%EA";"";"1M,3A,3M,4A,5A,6A,6M,8A,9M,10A,12A,12M,18M,24M";"8A";"";"";"1";"33";"33,00";"33,00";"0";"EUR"
"3215528";"2026-02-05 14:38:17";"Confirmed";"Pre-FW26";"Babe & Tess";"Chaparal The One and Only";"FW 26";"Grey Naturale & Blu";"Dinosaur fleece";"23.648129";"167GreyMelangeSALVIA";"Dinosaur fleece";"70%CO 30%PL";"";"1M,3A,3M,4A,5A,6A,6M,8A,9M,10A,12A,12M,18M,24M";"24M";"";"";"1";"34";"34,00";"34,00";"0";"EUR"
"3215528";"2026-02-05 14:38:17";"Confirmed";"Pre-FW26";"Babe & Tess";"Chaparal The One and Only";"FW 26";"Grey Naturale & Blu";"Dinosaur fleece";"23.648129";"167GreyMelangeSALVIA";"Dinosaur fleece";"70%CO 30%PL";"";"1M,3A,3M,4A,5A,6A,6M,8A,9M,10A,12A,12M,18M,24M";"3A";"";"";"1";"37";"37,00";"37,00";"0";"EUR"
"3215528";"2026-02-05 14:38:17";"Confirmed";"Pre-FW26";"Babe & Tess";"Chaparal The One and Only";"FW 26";"Grey Naturale & Blu";"Dinosaur fleece";"23.648129";"167GreyMelangeSALVIA";"Dinosaur fleece";"70%CO 30%PL";"";"1M,3A,3M,4A,5A,6A,6M,8A,9M,10A,12A,12M,18M,24M";"4A";"";"";"1";"37";"37,00";"37,00";"0";"EUR"
"3215528";"2026-02-05 14:38:17";"Confirmed";"Pre-FW26";"Babe & Tess";"Chaparal The One and Only";"FW 26";"Grey Naturale & Blu";"Dinosaur fleece";"23.648129";"167GreyMelangeSALVIA";"Dinosaur fleece";"70%CO 30%PL";"";"1M,3A,3M,4A,5A,6A,6M,8A,9M,10A,12A,12M,18M,24M";"5A";"";"";"1";"37";"37,00";"37,00";"0";"EUR"
"3215528";"2026-02-05 14:38:17";"Confirmed";"Pre-FW26";"Babe & Tess";"Chaparal The One and Only";"FW 26";"Grey Naturale & Blu";"Dinosaur fleece";"23.648129";"167GreyMelangeSALVIA";"Dinosaur fleece";"70%CO 30%PL";"";"1M,3A,3M,4A,5A,6A,6M,8A,9M,10A,12A,12M,18M,24M";"6A";"";"";"1";"37";"37,00";"37,00";"0";"EUR"
"3215528";"2026-02-05 14:38:17";"Confirmed";"Pre-FW26";"Babe & Tess";"Chaparal The One and Only";"FW 26";"Grey Naturale & Blu";"Dinosaur fleece";"23.648129";"167GreyMelangeSALVIA";"Dinosaur fleece";"70%CO 30%PL";"";"1M,3A,3M,4A,5A,6A,6M,8A,9M,10A,12A,12M,18M,24M";"8A";"";"";"1";"37";"37,00";"37,00";"0";"EUR"
"3215528";"2026-02-05 14:38:17";"Confirmed";"Pre-FW26";"Babe & Tess";"Chaparal The One and Only";"FW 26";"Velvet";"Guglielmo pant";"04.648036";"301SALVIA";"Guglielmo pant";"75%CO 24%LYOCELL 1%EA";"";"1M,3A,3M,4A,5A,6A,6M,8A,9M,10A,12A,12M,18M,24M";"24M";"";"";"1";"32";"32,00";"32,00";"0";"EUR"
"3215528";"2026-02-05 14:38:17";"Confirmed";"Pre-FW26";"Babe & Tess";"Chaparal The One and Only";"FW 26";"Velvet";"Guglielmo pant";"04.648036";"301SALVIA";"Guglielmo pant";"75%CO 24%LYOCELL 1%EA";"";"1M,3A,3M,4A,5A,6A,6M,8A,9M,10A,12A,12M,18M,24M";"3A";"";"";"1";"35";"35,00";"35,00";"0";"EUR"
"3215528";"2026-02-05 14:38:17";"Confirmed";"Pre-FW26";"Babe & Tess";"Chaparal The One and Only";"FW 26";"Velvet";"Guglielmo pant";"04.648036";"301SALVIA";"Guglielmo pant";"75%CO 24%LYOCELL 1%EA";"";"1M,3A,3M,4A,5A,6A,6M,8A,9M,10A,12A,12M,18M,24M";"4A";"";"";"1";"35";"35,00";"35,00";"0";"EUR"
"3215528";"2026-02-05 14:38:17";"Confirmed";"Pre-FW26";"Babe & Tess";"Chaparal The One and Only";"FW 26";"Velvet";"Guglielmo pant";"04.648036";"301SALVIA";"Guglielmo pant";"75%CO 24%LYOCELL 1%EA";"";"1M,3A,3M,4A,5A,6A,6M,8A,9M,10A,12A,12M,18M,24M";"5A";"";"";"1";"35";"35,00";"35,00";"0";"EUR"
"3215528";"2026-02-05 14:38:17";"Confirmed";"Pre-FW26";"Babe & Tess";"Chaparal The One and Only";"FW 26";"Velvet";"Guglielmo pant";"04.648036";"301SALVIA";"Guglielmo pant";"75%CO 24%LYOCELL 1%EA";"";"1M,3A,3M,4A,5A,6A,6M,8A,9M,10A,12A,12M,18M,24M";"6A";"";"";"1";"35";"35,00";"35,00";"0";"EUR"
"3215528";"2026-02-05 14:38:17";"Confirmed";"Pre-FW26";"Babe & Tess";"Chaparal The One and Only";"FW 26";"Velvet";"Guglielmo pant";"04.648036";"301SALVIA";"Guglielmo pant";"75%CO 24%LYOCELL 1%EA";"";"1M,3A,3M,4A,5A,6A,6M,8A,9M,10A,12A,12M,18M,24M";"8A";"";"";"1";"35";"35,00";"35,00";"0";"EUR"
"3215528";"2026-02-05 14:38:17";"Confirmed";"Pre-FW26";"Babe & Tess";"Chaparal The One and Only";"FW 26";"Grey Naturale & Blu";"Bear t-shirt";"09.648155";"167GreyMelangeBLUE";"Bear t-shirt";"100% CO";"";"1M,3A,3M,4A,5A,6A,6M,8A,9M,10A,12A,12M,18M,24M";"24M";"";"";"1";"23";"23,00";"23,00";"0";"EUR"
"3215528";"2026-02-05 14:38:17";"Confirmed";"Pre-FW26";"Babe & Tess";"Chaparal The One and Only";"FW 26";"Grey Naturale & Blu";"Bear t-shirt";"09.648155";"167GreyMelangeBLUE";"Bear t-shirt";"100% CO";"";"1M,3A,3M,4A,5A,6A,6M,8A,9M,10A,12A,12M,18M,24M";"3A";"";"";"1";"26";"26,00";"26,00";"0";"EUR"
"3215528";"2026-02-05 14:38:17";"Confirmed";"Pre-FW26";"Babe & Tess";"Chaparal The One and Only";"FW 26";"Grey Naturale & Blu";"Bear t-shirt";"09.648155";"167GreyMelangeBLUE";"Bear t-shirt";"100% CO";"";"1M,3A,3M,4A,5A,6A,6M,8A,9M,10A,12A,12M,18M,24M";"4A";"";"";"1";"26";"26,00";"26,00";"0";"EUR"
"3215528";"2026-02-05 14:38:17";"Confirmed";"Pre-FW26";"Babe & Tess";"Chaparal The One and Only";"FW 26";"Grey Naturale & Blu";"Bear t-shirt";"09.648155";"167GreyMelangeBLUE";"Bear t-shirt";"100% CO";"";"1M,3A,3M,4A,5A,6A,6M,8A,9M,10A,12A,12M,18M,24M";"5A";"";"";"1";"26";"26,00";"26,00";"0";"EUR"
"3215528";"2026-02-05 14:38:17";"Confirmed";"Pre-FW26";"Babe & Tess";"Chaparal The One and Only";"FW 26";"Grey Naturale & Blu";"Bear t-shirt";"09.648155";"167GreyMelangeBLUE";"Bear t-shirt";"100% CO";"";"1M,3A,3M,4A,5A,6A,6M,8A,9M,10A,12A,12M,18M,24M";"6A";"";"";"1";"26";"26,00";"26,00";"0";"EUR"
"3215528";"2026-02-05 14:38:17";"Confirmed";"Pre-FW26";"Babe & Tess";"Chaparal The One and Only";"FW 26";"Grey Naturale & Blu";"Bear t-shirt";"09.648155";"167GreyMelangeBLUE";"Bear t-shirt";"100% CO";"";"1M,3A,3M,4A,5A,6A,6M,8A,9M,10A,12A,12M,18M,24M";"8A";"";"";"1";"26";"26,00";"26,00";"0";"EUR"
